date,road,fixed_corridor,observation_time,time_block,day,weather,temperature,rain_chance,traffic_level,traffic_score,traffic_pattern,congestion_location,day_encoded,traffic_pattern_encoded,traffic_level_encoded,congestion_location_encoded
2026-08-26,apapa-oshodi expressway,mile2-oshodi,2026-08-19 22:18:00,2026-08-19 22:00:00,Thursday,cloudy,26.5,0.13,low,1,G/R,road segment,3,4,0.0,1
2026-09-15,lagos-badagry expressway,mile2-festac,2026-08-19 21:53:00,2026-08-19 21:00:00,Saturday,mostly cloudy,25.9,0.17,low,1,G/R,road segment,5,4,0.0,1
2026-08-24,lagos-badagry expressway,mile2-festac,2026-08-19 09:50:00,2026-08-19 09:00:00,Tuesday,light rain,25.5,0.37,high,3,Y/R,road segment,1,5,2.0,1
2026-08-02,lagos-badagry expressway,mile2-festac,2026-08-19 09:39:00,2026-08-19 09:00:00,Thursday,partly sunny,28.3,0.15,high,3,Y/R,road segment,3,5,2.0,1
2026-09-08,ikorodu road,unknown,2026-08-19 09:01:00,2026-08-19 09:00:00,Wednesday,heavy rain,24.2,0.62,high,3,G/Y/R,road segment,2,6,2.0,1
2026-08-20,lagos-abeokuta expressway,abule egba-iyana ipaja,2026-08-19 12:41:00,2026-08-19 12:00:00,Thursday,light rain,23.1,0.38,medium,2,Y/R,road segment,3,5,1.0,1
2026-09-01,lagos-abeokuta expressway,abule egba-iyana ipaja,2026-08-19 08:49:00,2026-08-19 08:00:00,Monday,partly sunny,27.5,0.13,medium,2,Y,junction,0,1,1.0,2
2026-08-28,apapa-oshodi expressway,mile2-oshodi,2026-08-19 16:43:00,2026-08-19 16:00:00,Sunday,partly sunny,26.4,0.14,high,3,G/Y/R,road segment,6,6,2.0,1
2026-08-17,lagos-ibadan expressway,ojota-berger,2026-08-19 14:22:00,2026-08-19 14:00:00,Saturday,mostly cloudy,25.9,0.15,medium,2,Y/R,road segment,5,5,1.0,1
2026-09-06,ikorodu road,unknown,2026-08-19 08:43:00,2026-08-19 08:00:00,Tuesday,cloudy,26.4,0.19,high,3,R,mixed,1,2,2.0,3
2026-09-10,lagos-abeokuta expressway,abule egba-iyana ipaja,2026-08-19 08:30:00,2026-08-19 08:00:00,Thursday,mostly cloudy,26.0,0.14,high,3,G/Y/R,junction,3,6,2.0,2
2026-08-16,lagos-badagry expressway,mile2-festac,2026-08-19 20:10:00,2026-08-19 20:00:00,Wednesday,heavy rain,22.3,0.54,low,1,G,none evident,2,0,0.0,0
2026-08-23,lagos-abeokuta expressway,abule egba-iyana ipaja,2026-08-19 19:20:00,2026-08-19 19:00:00,Tuesday,partly sunny,28.9,0.14,medium,2,Y/R,junction,1,5,1.0,2
2026-08-23,lagos-abeokuta expressway,abule egba-iyana ipaja,2026-08-19 07:47:00,2026-08-19 07:00:00,Wednesday,partly sunny,27.8,0.09,high,3,R,road segment,2,2,2.0,1
2026-09-03,ikorodu road,unknown,2026-08-19 21:15:00,2026-08-19 21:00:00,Wednesday,heavy rain,22.8,0.73,low,1,G/Y,none evident,2,3,0.0,0
2026-08-03,funsho williams avenue,unknown,2026-08-19 22:52:00,2026-08-19 22:00:00,Wednesday,mostly cloudy,26.1,0.15,low,1,G/R,road segment,2,4,0.0,1
2026-09-04,lagos-abeokuta expressway,abule egba-iyana ipaja,2026-08-19 12:23:00,2026-08-19 12:00:00,Thursday,mostly cloudy,25.7,0.13,medium,2,Y,junction,3,1,1.0,2
2026-08-13,ikorodu road,unknown,2026-08-19 13:06:00,2026-08-19 13:00:00,Tuesday,mostly cloudy,25.3,0.14,medium,2,Y/R,mixed,1,5,1.0,3
2026-09-06,apapa-oshodi expressway,mile2-oshodi,2026-08-19 18:54:00,2026-08-19 18:00:00,Wednesday,mostly cloudy,25.6,0.1,high,3,Y/R,road segment,2,5,2.0,1
2026-09-04,lagos-abeokuta expressway,abule egba-iyana ipaja,2026-08-19 12:27:00,2026-08-19 12:00:00,Sunday,heavy rain,22.2,0.8,medium,2,Y/R,mixed,6,5,1.0,3
2026-08-08,funsho williams avenue,unknown,2026-08-19 13:38:00,2026-08-19 13:00:00,Saturday,cloudy,26.9,0.1,medium,2,Y,mixed,5,1,1.0,3
2026-08-04,ikorodu road,unknown,2026-08-19 21:31:00,2026-08-19 21:00:00,Thursday,light rain,23.6,0.39,low,1,G/Y,none evident,3,3,0.0,0
2026-09-03,lagos-badagry expressway,mile2-festac,2026-08-19 08:22:00,2026-08-19 08:00:00,Monday,cloudy,25.2,0.18,medium,2,Y/R,mixed,0,5,1.0,3
2026-09-14,lagos-badagry expressway,mile2-festac,2026-08-19 17:24:00,2026-08-19 17:00:00,Wednesday,partly sunny,26.4,0.09,high,3,R,mixed,2,2,2.0,3
2026-09-07,lagos-abeokuta expressway,abule egba-iyana ipaja,2026-08-19 08:44:00,2026-08-19 08:00:00,Wednesday,light rain,24.0,0.33,medium,2,Y,mixed,2,1,1.0,3
2026-09-14,lagos-abeokuta expressway,abule egba-iyana ipaja,2026-08-19 18:18:00,2026-08-19 18:00:00,Wednesday,mostly cloudy,25.3,0.19,high,3,G/Y/R,junction,2,6,2.0,2
2026-08-13,apapa-oshodi expressway,mile2-oshodi,2026-08-19 14:03:00,2026-08-19 14:00:00,Wednesday,cloudy,27.4,0.23,low,1,G/Y,none evident,2,3,0.0,0
2026-08-23,lagos-ibadan expressway,ojota-berger,2026-08-19 09:08:00,2026-08-19 09:00:00,Friday,heavy rain,22.9,0.75,high,3,R,road segment,4,2,2.0,1
2026-09-15,funsho williams avenue,unknown,2026-08-19 20:48:00,2026-08-19 20:00:00,Thursday,cloudy,27.8,0.22,low,1,G/R,road segment,3,4,0.0,1
2026-09-09,lagos-badagry expressway,mile2-festac,2026-08-19 19:34:00,2026-08-19 19:00:00,Friday,cloudy,26.4,0.24,medium,2,Y,junction,4,1,1.0,2
2026-08-28,lagos-badagry expressway,mile2-festac,2026-08-19 10:43:00,2026-08-19 10:00:00,Wednesday,light rain,23.9,0.25,low,1,G/R,road segment,2,4,0.0,1
2026-09-13,third mainland bridge,oworonshole-adekunle,2026-08-19 18:18:00,2026-08-19 18:00:00,Thursday,mostly cloudy,24.4,0.18,high,3,Y/R,mixed,3,5,2.0,3
2026-08-12,lekki-epe expressway,lekkiphase1-ajah,2026-08-19 19:10:00,2026-08-19 19:00:00,Saturday,partly sunny,25.4,0.14,medium,2,Y/R,road segment,5,5,1.0,1
2026-08-05,third mainland bridge,oworonshole-adekunle,2026-08-19 22:35:00,2026-08-19 22:00:00,Thursday,mostly cloudy,25.8,0.17,low,1,G/Y,none evident,3,3,0.0,0
2026-08-07,third mainland bridge,oworonshole-adekunle,2026-08-19 19:37:00,2026-08-19 19:00:00,Tuesday,heavy rain,24.2,0.77,high,3,R,junction,1,2,2.0,2
2026-08-24,lagos-abeokuta expressway,abule egba-iyana ipaja,2026-08-19 17:09:00,2026-08-19 17:00:00,Thursday,partly sunny,28.0,0.11,high,3,Y/R,junction,3,5,2.0,2
2026-08-06,ikorodu road,unknown,2026-08-19 13:01:00,2026-08-19 13:00:00,Friday,partly sunny,29.0,0.15,low,1,G,road segment,4,0,0.0,1
2026-08-26,lekki-epe expressway,lekkiphase1-ajah,2026-08-19 20:59:00,2026-08-19 20:00:00,Sunday,mostly cloudy,25.6,0.15,low,1,G/Y,road segment,6,3,0.0,1
2026-08-03,funsho williams avenue,unknown,2026-08-19 09:10:00,2026-08-19 09:00:00,Wednesday,heavy rain,22.2,0.85,medium,2,G/Y,junction,2,3,1.0,2
2026-08-04,apapa-oshodi expressway,mile2-oshodi,2026-08-19 07:27:00,2026-08-19 07:00:00,Friday,mostly cloudy,24.0,0.1,high,3,R,junction,4,2,2.0,2
2026-08-10,ikorodu road,unknown,2026-08-19 08:38:00,2026-08-19 08:00:00,Wednesday,heavy rain,24.1,0.61,high,3,R,road segment,2,2,2.0,1
2026-08-01,third mainland bridge,oworonshole-adekunle,2026-08-19 10:55:00,2026-08-19 10:00:00,Monday,partly sunny,26.7,0.05,low,1,G/Y,none evident,0,3,0.0,0
2026-09-11,lagos-ibadan expressway,ojota-berger,2026-08-19 11:13:00,2026-08-19 11:00:00,Wednesday,mostly cloudy,26.2,0.17,low,1,G,none evident,2,0,0.0,0
2026-08-07,apapa-oshodi expressway,mile2-oshodi,2026-08-19 20:55:00,2026-08-19 20:00:00,Sunday,mostly cloudy,24.1,0.11,medium,2,G/Y,mixed,6,3,1.0,3
2026-08-17,ikorodu road,unknown,2026-08-19 17:17:00,2026-08-19 17:00:00,Thursday,partly sunny,26.9,0.06,high,3,G/Y/R,road segment,3,6,2.0,1
2026-08-22,funsho williams avenue,unknown,2026-08-19 15:33:00,2026-08-19 15:00:00,Tuesday,heavy rain,24.5,0.71,medium,2,Y/R,mixed,1,5,1.0,3
2026-08-27,lagos-abeokuta expressway,abule egba-iyana ipaja,2026-08-19 13:05:00,2026-08-19 13:00:00,Saturday,cloudy,25.3,0.24,medium,2,G/Y/R,mixed,5,6,1.0,3
2026-08-17,apapa-oshodi expressway,mile2-oshodi,2026-08-19 11:14:00,2026-08-19 11:00:00,Sunday,light rain,23.1,0.39,low,1,G/R,none evident,6,4,0.0,0
2026-08-31,ikorodu road,unknown,2026-08-19 15:57:00,2026-08-19 15:00:00,Sunday,mostly cloudy,26.3,0.16,medium,2,G/Y/R,junction,6,6,1.0,2
2026-09-10,ikorodu road,unknown,2026-08-19 16:08:00,2026-08-19 16:00:00,Saturday,cloudy,25.8,0.11,high,3,G/Y/R,road segment,5,6,2.0,1
2026-08-26,lagos-ibadan expressway,ojota-berger,2026-08-19 08:54:00,2026-08-19 08:00:00,Monday,heavy rain,24.3,0.78,high,3,R,junction,0,2,2.0,2
2026-08-12,ikorodu road,unknown,2026-08-19 09:44:00,2026-08-19 09:00:00,Monday,mostly cloudy,25.4,0.14,high,3,Y/R,junction,0,5,2.0,2
2026-08-06,apapa-oshodi expressway,mile2-oshodi,2026-08-19 17:49:00,2026-08-19 17:00:00,Tuesday,light rain,24.9,0.37,high,3,Y/R,junction,1,5,2.0,2
2026-09-05,apapa-oshodi expressway,mile2-oshodi,2026-08-19 18:47:00,2026-08-19 18:00:00,Sunday,partly sunny,27.8,0.07,high,3,G/Y/R,road segment,6,6,2.0,1
2026-08-12,ikorodu road,unknown,2026-08-19 21:30:00,2026-08-19 21:00:00,Wednesday,cloudy,26.7,0.23,low,1,G/R,road segment,2,4,0.0,1
2026-08-09,lagos-ibadan expressway,ojota-berger,2026-08-19 08:29:00,2026-08-19 08:00:00,Sunday,partly sunny,25.6,0.12,medium,2,G/Y/R,road segment,6,6,1.0,1
2026-08-11,lagos-badagry expressway,mile2-festac,2026-08-19 20:46:00,2026-08-19 20:00:00,Saturday,heavy rain,22.1,0.6,medium,2,G/Y,road segment,5,3,1.0,1
2026-09-03,apapa-oshodi expressway,mile2-oshodi,2026-08-19 17:56:00,2026-08-19 17:00:00,Friday,mostly cloudy,26.9,0.17,high,3,R,road segment,4,2,2.0,1
2026-09-10,lagos-ibadan expressway,ojota-berger,2026-08-19 11:01:00,2026-08-19 11:00:00,Monday,light rain,24.4,0.21,low,1,G,none evident,0,0,0.0,0
2026-08-26,third mainland bridge,oworonshole-adekunle,2026-08-19 22:59:00,2026-08-19 22:00:00,Wednesday,light rain,25.6,0.35,low,1,G,none evident,2,0,0.0,0
2026-09-14,ikorodu road,unknown,2026-08-19 10:15:00,2026-08-19 10:00:00,Monday,mostly cloudy,26.7,0.14,low,1,G/Y,none evident,0,3,0.0,0
2026-09-03,lekki-epe expressway,lekkiphase1-ajah,2026-08-19 17:33:00,2026-08-19 17:00:00,Sunday,partly sunny,25.7,0.15,high,3,G/Y/R,mixed,6,6,2.0,3
2026-09-06,funsho williams avenue,unknown,2026-08-19 14:53:00,2026-08-19 14:00:00,Monday,mostly cloudy,24.6,0.18,low,1,G/Y,road segment,0,3,0.0,1
2026-08-18,lekki-epe expressway,lekkiphase1-ajah,2026-08-19 12:50:00,2026-08-19 12:00:00,Saturday,heavy rain,22.5,0.79,low,1,G/R,road segment,5,4,0.0,1
2026-08-17,lagos-ibadan expressway,ojota-berger,2026-08-19 11:44:00,2026-08-19 11:00:00,Tuesday,mostly cloudy,25.6,0.15,low,1,G,none evident,1,0,0.0,0
2026-08-18,funsho williams avenue,unknown,2026-08-19 17:40:00,2026-08-19 17:00:00,Tuesday,cloudy,25.4,0.21,high,3,Y/R,road segment,1,5,2.0,1
2026-08-08,third mainland bridge,oworonshole-adekunle,2026-08-19 09:37:00,2026-08-19 09:00:00,Monday,cloudy,25.6,0.1,high,3,G/Y/R,road segment,0,6,2.0,1
2026-08-10,third mainland bridge,oworonshole-adekunle,2026-08-19 16:05:00,2026-08-19 16:00:00,Saturday,cloudy,27.6,0.25,high,3,G/Y/R,junction,5,6,2.0,2
2026-09-01,apapa-oshodi expressway,mile2-oshodi,2026-08-19 08:10:00,2026-08-19 08:00:00,Monday,partly sunny,28.7,0.1,high,3,R,mixed,0,2,2.0,3
2026-08-14,lagos-ibadan expressway,ojota-berger,2026-08-19 21:54:00,2026-08-19 21:00:00,Thursday,partly sunny,26.7,0.15,low,1,G,none evident,3,0,0.0,0
2026-09-12,lekki-epe expressway,lekkiphase1-ajah,2026-08-19 15:05:00,2026-08-19 15:00:00,Saturday,cloudy,26.5,0.12,medium,2,Y/R,road segment,5,5,1.0,1
2026-08-08,ikorodu road,unknown,2026-08-19 17:59:00,2026-08-19 17:00:00,Monday,mostly cloudy,24.1,0.12,high,3,Y/R,road segment,0,5,2.0,1
2026-09-10,apapa-oshodi expressway,mile2-oshodi,2026-08-19 17:54:00,2026-08-19 17:00:00,Wednesday,partly sunny,25.5,0.14,high,3,R,mixed,2,2,2.0,3
2026-08-26,lekki-epe expressway,lekkiphase1-ajah,2026-08-19 07:32:00,2026-08-19 07:00:00,Wednesday,heavy rain,23.1,0.54,high,3,G/Y/R,mixed,2,6,2.0,3
2026-09-13,lagos-badagry expressway,mile2-festac,2026-08-19 21:08:00,2026-08-19 21:00:00,Monday,heavy rain,23.5,0.58,low,1,G/Y,road segment,0,3,0.0,1
2026-09-15,third mainland bridge,oworonshole-adekunle,2026-08-19 08:06:00,2026-08-19 08:00:00,Sunday,heavy rain,23.0,0.7,medium,2,Y,mixed,6,1,1.0,3
2026-08-13,lagos-ibadan expressway,ojota-berger,2026-08-19 22:00:00,2026-08-19 22:00:00,Wednesday,light rain,23.9,0.35,low,1,G/R,none evident,2,4,0.0,0
2026-08-05,apapa-oshodi expressway,mile2-oshodi,2026-08-19 10:18:00,2026-08-19 10:00:00,Sunday,mostly cloudy,25.0,0.11,low,1,G,none evident,6,0,0.0,0
2026-09-03,lagos-badagry expressway,mile2-festac,2026-08-19 16:15:00,2026-08-19 16:00:00,Wednesday,mostly cloudy,26.2,0.2,medium,2,Y/R,junction,2,5,1.0,2
2026-09-15,ikorodu road,unknown,2026-08-19 15:24:00,2026-08-19 15:00:00,Monday,partly sunny,28.6,0.11,medium,2,Y,junction,0,1,1.0,2
2026-09-10,lagos-ibadan expressway,ojota-berger,2026-08-19 21:31:00,2026-08-19 21:00:00,Tuesday,light rain,25.5,0.26,low,1,G/Y,none evident,1,3,0.0,0
2026-08-24,ikorodu road,unknown,2026-08-19 14:30:00,2026-08-19 14:00:00,Sunday,heavy rain,22.9,0.8,medium,2,Y/R,junction,6,5,1.0,2
2026-08-02,apapa-oshodi expressway,mile2-oshodi,2026-08-19 19:34:00,2026-08-19 19:00:00,Friday,light rain,24.7,0.21,high,3,G/Y/R,junction,4,6,2.0,2
2026-08-02,funsho williams avenue,unknown,2026-08-19 09:52:00,2026-08-19 09:00:00,Wednesday,cloudy,25.1,0.21,high,3,G/Y/R,junction,2,6,2.0,2
2026-08-04,lekki-epe expressway,lekkiphase1-ajah,2026-08-19 11:44:00,2026-08-19 11:00:00,Sunday,light rain,23.0,0.27,low,1,G/Y,road segment,6,3,0.0,1
2026-09-12,funsho williams avenue,unknown,2026-08-19 19:37:00,2026-08-19 19:00:00,Tuesday,heavy rain,22.9,0.59,high,3,G/Y/R,road segment,1,6,2.0,1
2026-08-31,apapa-oshodi expressway,mile2-oshodi,2026-08-19 19:51:00,2026-08-19 19:00:00,Tuesday,cloudy,27.3,0.19,medium,2,Y/R,mixed,1,5,1.0,3
2026-08-20,apapa-oshodi expressway,mile2-oshodi,2026-08-19 08:37:00,2026-08-19 08:00:00,Wednesday,cloudy,27.0,0.15,high,3,G/Y/R,junction,2,6,2.0,2
2026-09-06,lagos-badagry expressway,mile2-festac,2026-08-19 10:52:00,2026-08-19 10:00:00,Monday,light rain,24.9,0.34,low,1,G/Y,road segment,0,3,0.0,1
2026-09-11,lagos-abeokuta expressway,abule egba-iyana ipaja,2026-08-19 12:49:00,2026-08-19 12:00:00,Friday,mostly cloudy,25.1,0.14,medium,2,Y,road segment,4,1,1.0,1
2026-08-04,lagos-abeokuta expressway,abule egba-iyana ipaja,2026-08-19 22:19:00,2026-08-19 22:00:00,Friday,mostly cloudy,24.1,0.16,low,1,G/R,road segment,4,4,0.0,1
2026-08-09,apapa-oshodi expressway,mile2-oshodi,2026-08-19 12:13:00,2026-08-19 12:00:00,Sunday,heavy rain,23.9,0.56,medium,2,G/Y/R,road segment,6,6,1.0,1
2026-09-03,funsho williams avenue,unknown,2026-08-19 15:11:00,2026-08-19 15:00:00,Thursday,cloudy,27.5,0.25,medium,2,Y/R,road segment,3,5,1.0,1
2026-08-09,funsho williams avenue,unknown,2026-08-19 12:00:00,2026-08-19 12:00:00,Sunday,mostly cloudy,25.3,0.13,medium,2,G/Y/R,mixed,6,6,1.0,3
2026-08-24,lekki-epe expressway,lekkiphase1-ajah,2026-08-19 13:10:00,2026-08-19 13:00:00,Thursday,cloudy,26.0,0.22,low,1,G/R,road segment,3,4,0.0,1
2026-08-25,third mainland bridge,oworonshole-adekunle,2026-08-19 12:40:00,2026-08-19 12:00:00,Friday,mostly cloudy,26.2,0.1,medium,2,G/Y,road segment,4,3,1.0,1
2026-08-21,lekki-epe expressway,lekkiphase1-ajah,2026-08-19 19:07:00,2026-08-19 19:00:00,Saturday,mostly cloudy,25.4,0.15,medium,2,G/Y,road segment,5,3,1.0,1
2026-08-17,lekki-epe expressway,lekkiphase1-ajah,2026-08-19 17:22:00,2026-08-19 17:00:00,Monday,mostly cloudy,25.8,0.1,high,3,G/Y/R,road segment,0,6,2.0,1
2026-08-03,lekki-epe expressway,lekkiphase1-ajah,2026-08-19 21:33:00,2026-08-19 21:00:00,Wednesday,partly sunny,28.3,0.06,low,1,G,road segment,2,0,0.0,1
2026-09-11,lagos-badagry expressway,mile2-festac,2026-08-19 22:01:00,2026-08-19 22:00:00,Thursday,mostly cloudy,26.5,0.13,low,1,G/R,none evident,3,4,0.0,0
2026-08-27,funsho williams avenue,unknown,2026-08-19 14:31:00,2026-08-19 14:00:00,Friday,light rain,25.6,0.23,low,1,G,road segment,4,0,0.0,1
2026-09-03,lagos-abeokuta expressway,abule egba-iyana ipaja,2026-08-19 08:39:00,2026-08-19 08:00:00,Thursday,light rain,23.7,0.26,high,3,R,junction,3,2,2.0,2
2026-09-05,ikorodu road,unknown,2026-08-19 17:09:00,2026-08-19 17:00:00,Saturday,mostly cloudy,24.7,0.13,high,3,G/Y/R,mixed,5,6,2.0,3
2026-09-02,lekki-epe expressway,lekkiphase1-ajah,2026-08-19 08:11:00,2026-08-19 08:00:00,Friday,cloudy,26.5,0.16,high,3,Y/R,mixed,4,5,2.0,3
2026-08-09,apapa-oshodi expressway,mile2-oshodi,2026-08-19 13:26:00,2026-08-19 13:00:00,Friday,cloudy,26.1,0.15,low,1,G,road segment,4,0,0.0,1
2026-08-02,lekki-epe expressway,lekkiphase1-ajah,2026-08-19 17:44:00,2026-08-19 17:00:00,Thursday,mostly cloudy,26.6,0.16,high,3,Y/R,road segment,3,5,2.0,1
2026-08-02,ikorodu road,unknown,2026-08-19 19:12:00,2026-08-19 19:00:00,Monday,light rain,25.9,0.2,high,3,R,junction,0,2,2.0,2
2026-09-02,funsho williams avenue,unknown,2026-08-19 17:50:00,2026-08-19 17:00:00,Wednesday,light rain,24.6,0.28,high,3,R,mixed,2,2,2.0,3
2026-08-11,lekki-epe expressway,lekkiphase1-ajah,2026-08-19 09:08:00,2026-08-19 09:00:00,Thursday,mostly cloudy,25.4,0.14,high,3,Y/R,road segment,3,5,2.0,1
2026-08-20,apapa-oshodi expressway,mile2-oshodi,2026-08-19 17:13:00,2026-08-19 17:00:00,Monday,heavy rain,24.2,0.57,high,3,G/Y/R,road segment,0,6,2.0,1
2026-08-31,lagos-abeokuta expressway,abule egba-iyana ipaja,2026-08-19 08:39:00,2026-08-19 08:00:00,Tuesday,light rain,25.2,0.21,high,3,Y/R,mixed,1,5,2.0,3
2026-08-30,lagos-ibadan expressway,ojota-berger,2026-08-19 13:48:00,2026-08-19 13:00:00,Friday,heavy rain,22.9,0.62,medium,2,Y/R,mixed,4,5,1.0,3
2026-09-06,apapa-oshodi expressway,mile2-oshodi,2026-08-19 09:24:00,2026-08-19 09:00:00,Friday,cloudy,26.0,0.19,high,3,G/Y/R,mixed,4,6,2.0,3
2026-08-07,lagos-ibadan expressway,ojota-berger,2026-08-19 06:18:00,2026-08-19 06:00:00,Monday,cloudy,27.0,0.12,low,1,G/R,road segment,0,4,0.0,1
2026-08-08,funsho williams avenue,unknown,2026-08-19 14:47:00,2026-08-19 14:00:00,Monday,cloudy,27.4,0.11,low,1,G,none evident,0,0,0.0,0
2026-08-24,lagos-ibadan expressway,ojota-berger,2026-08-19 22:06:00,2026-08-19 22:00:00,Thursday,mostly cloudy,24.6,0.14,low,1,G/R,none evident,3,4,0.0,0
2026-08-20,ikorodu road,unknown,2026-08-19 18:07:00,2026-08-19 18:00:00,Sunday,light rain,23.6,0.28,high,3,G/Y/R,mixed,6,6,2.0,3
2026-09-13,ikorodu road,unknown,2026-08-19 09:57:00,2026-08-19 09:00:00,Thursday,partly sunny,25.2,0.07,medium,2,Y/R,road segment,3,5,1.0,1
2026-09-10,lekki-epe expressway,lekkiphase1-ajah,2026-08-19 12:44:00,2026-08-19 12:00:00,Thursday,mostly cloudy,24.5,0.18,low,1,G/Y,road segment,3,3,0.0,1
2026-09-02,third mainland bridge,oworonshole-adekunle,2026-08-19 06:35:00,2026-08-19 06:00:00,Monday,heavy rain,24.5,0.76,low,1,G/R,none evident,0,4,0.0,0
2026-09-06,lagos-badagry expressway,mile2-festac,2026-08-19 18:09:00,2026-08-19 18:00:00,Tuesday,partly sunny,27.4,0.13,high,3,R,junction,1,2,2.0,2
2026-08-18,third mainland bridge,oworonshole-adekunle,2026-08-19 20:49:00,2026-08-19 20:00:00,Wednesday,light rain,25.3,0.39,low,1,G/R,none evident,2,4,0.0,0
2026-09-08,lagos-badagry expressway,mile2-festac,2026-08-19 14:54:00,2026-08-19 14:00:00,Friday,mostly cloudy,24.8,0.2,medium,2,Y,road segment,4,1,1.0,1
2026-08-28,lagos-ibadan expressway,ojota-berger,2026-08-19 15:02:00,2026-08-19 15:00:00,Thursday,heavy rain,24.2,0.53,medium,2,Y/R,junction,3,5,1.0,2
2026-09-10,funsho williams avenue,unknown,2026-08-19 12:30:00,2026-08-19 12:00:00,Tuesday,mostly cloudy,25.1,0.18,low,1,G,none evident,1,0,0.0,0
2026-08-12,ikorodu road,unknown,2026-08-19 16:34:00,2026-08-19 16:00:00,Thursday,light rain,25.2,0.28,medium,2,Y,road segment,3,1,1.0,1
2026-09-10,ikorodu road,unknown,2026-08-19 16:01:00,2026-08-19 16:00:00,Wednesday,heavy rain,23.2,0.79,medium,2,Y,road segment,2,1,1.0,1
2026-08-08,lagos-abeokuta expressway,abule egba-iyana ipaja,2026-08-19 12:55:00,2026-08-19 12:00:00,Wednesday,light rain,25.9,0.38,low,1,G/Y,road segment,2,3,0.0,1
2026-08-07,lagos-badagry expressway,mile2-festac,2026-08-19 09:58:00,2026-08-19 09:00:00,Thursday,light rain,23.3,0.28,medium,2,G/Y,mixed,3,3,1.0,3
2026-08-30,lekki-epe expressway,lekkiphase1-ajah,2026-08-19 12:02:00,2026-08-19 12:00:00,Wednesday,heavy rain,22.7,0.52,medium,2,Y,mixed,2,1,1.0,3
2026-08-24,third mainland bridge,oworonshole-adekunle,2026-08-19 12:02:00,2026-08-19 12:00:00,Monday,cloudy,25.1,0.24,medium,2,G/Y/R,mixed,0,6,1.0,3
2026-09-12,ikorodu road,unknown,2026-08-19 17:33:00,2026-08-19 17:00:00,Saturday,light rain,23.3,0.33,high,3,Y/R,mixed,5,5,2.0,3
2026-08-01,lekki-epe expressway,lekkiphase1-ajah,2026-08-19 14:33:00,2026-08-19 14:00:00,Monday,mostly cloudy,24.4,0.11,low,1,G/Y,road segment,0,3,0.0,1
2026-09-07,ikorodu road,unknown,2026-08-19 14:31:00,2026-08-19 14:00:00,Friday,heavy rain,23.7,0.56,low,1,G,none evident,4,0,0.0,0
2026-08-12,third mainland bridge,oworonshole-adekunle,2026-08-19 20:16:00,2026-08-19 20:00:00,Saturday,mostly cloudy,25.6,0.16,low,1,G/R,none evident,5,4,0.0,0
2026-09-09,ikorodu road,unknown,2026-08-19 19:41:00,2026-08-19 19:00:00,Monday,partly sunny,28.8,0.1,high,3,G/Y/R,junction,0,6,2.0,2
2026-08-11,funsho williams avenue,unknown,2026-08-19 16:13:00,2026-08-19 16:00:00,Wednesday,heavy rain,24.0,0.71,medium,2,Y,mixed,2,1,1.0,3
2026-08-07,lekki-epe expressway,lekkiphase1-ajah,2026-08-19 09:30:00,2026-08-19 09:00:00,Tuesday,light rain,24.2,0.27,medium,2,G/Y/R,mixed,1,6,1.0,3
2026-08-16,ikorodu road,unknown,2026-08-19 06:26:00,2026-08-19 06:00:00,Monday,heavy rain,23.7,0.74,low,1,G/Y,road segment,0,3,0.0,1
2026-08-15,ikorodu road,unknown,2026-08-19 20:25:00,2026-08-19 20:00:00,Friday,mostly cloudy,24.5,0.15,medium,2,Y/R,junction,4,5,1.0,2
2026-08-23,lagos-ibadan expressway,ojota-berger,2026-08-19 22:38:00,2026-08-19 22:00:00,Monday,heavy rain,22.6,0.66,low,1,G,none evident,0,0,0.0,0
2026-08-02,lekki-epe expressway,lekkiphase1-ajah,2026-08-19 20:00:00,2026-08-19 20:00:00,Saturday,cloudy,27.5,0.23,medium,2,Y/R,road segment,5,5,1.0,1
2026-09-07,lagos-ibadan expressway,ojota-berger,2026-08-19 19:41:00,2026-08-19 19:00:00,Thursday,mostly cloudy,25.6,0.19,high,3,Y/R,junction,3,5,2.0,2
2026-08-17,apapa-oshodi expressway,mile2-oshodi,2026-08-19 14:48:00,2026-08-19 14:00:00,Thursday,light rain,23.4,0.36,medium,2,Y/R,road segment,3,5,1.0,1
2026-08-01,lagos-abeokuta expressway,abule egba-iyana ipaja,2026-08-19 16:22:00,2026-08-19 16:00:00,Saturday,heavy rain,23.1,0.76,high,3,R,mixed,5,2,2.0,3
2026-09-01,lagos-abeokuta expressway,abule egba-iyana ipaja,2026-08-19 08:27:00,2026-08-19 08:00:00,Monday,partly sunny,28.3,0.1,high,3,G/Y/R,junction,0,6,2.0,2
2026-09-05,ikorodu road,unknown,2026-08-19 10:13:00,2026-08-19 10:00:00,Wednesday,heavy rain,22.3,0.7,low,1,G/Y,none evident,2,3,0.0,0
2026-08-31,ikorodu road,unknown,2026-08-19 07:11:00,2026-08-19 07:00:00,Monday,light rain,25.1,0.21,high,3,Y/R,mixed,0,5,2.0,3
2026-08-10,funsho williams avenue,unknown,2026-08-19 18:38:00,2026-08-19 18:00:00,Friday,heavy rain,22.6,0.52,high,3,Y/R,junction,4,5,2.0,2
2026-08-18,lagos-ibadan expressway,ojota-berger,2026-08-19 20:00:00,2026-08-19 20:00:00,Saturday,heavy rain,22.7,0.58,medium,2,Y,junction,5,1,1.0,2
2026-08-09,lekki-epe expressway,lekkiphase1-ajah,2026-08-19 08:47:00,2026-08-19 08:00:00,Wednesday,cloudy,26.2,0.14,high,3,Y/R,road segment,2,5,2.0,1
2026-08-29,lagos-badagry expressway,mile2-festac,2026-08-19 08:29:00,2026-08-19 08:00:00,Friday,partly sunny,25.7,0.07,medium,2,Y/R,junction,4,5,1.0,2
2026-09-12,lagos-badagry expressway,mile2-festac,2026-08-19 14:37:00,2026-08-19 14:00:00,Wednesday,light rain,23.8,0.23,low,1,G/Y,road segment,2,3,0.0,1
2026-08-19,lagos-abeokuta expressway,abule egba-iyana ipaja,2026-08-19 13:05:00,2026-08-19 13:00:00,Tuesday,heavy rain,23.1,0.8,low,1,G,none evident,1,0,0.0,0
2026-08-21,ikorodu road,unknown,2026-08-19 16:12:00,2026-08-19 16:00:00,Thursday,cloudy,25.5,0.19,high,3,Y/R,junction,3,5,2.0,2
2026-08-12,lagos-ibadan expressway,ojota-berger,2026-08-19 22:22:00,2026-08-19 22:00:00,Friday,partly sunny,26.0,0.1,low,1,G,road segment,4,0,0.0,1
2026-08-17,lagos-badagry expressway,mile2-festac,2026-08-19 14:12:00,2026-08-19 14:00:00,Thursday,heavy rain,24.3,0.8,medium,2,G/Y/R,road segment,3,6,1.0,1
2026-08-15,ikorodu road,unknown,2026-08-19 15:59:00,2026-08-19 15:00:00,Tuesday,light rain,24.5,0.23,medium,2,Y,mixed,1,1,1.0,3
2026-08-24,apapa-oshodi expressway,mile2-oshodi,2026-08-19 12:17:00,2026-08-19 12:00:00,Wednesday,partly sunny,26.8,0.09,medium,2,G/Y/R,mixed,2,6,1.0,3
2026-09-07,lagos-badagry expressway,mile2-festac,2026-08-19 14:31:00,2026-08-19 14:00:00,Wednesday,light rain,23.9,0.4,low,1,G/Y,none evident,2,3,0.0,0
2026-08-13,ikorodu road,unknown,2026-08-19 13:42:00,2026-08-19 13:00:00,Tuesday,heavy rain,22.8,0.62,low,1,G/R,none evident,1,4,0.0,0
2026-09-10,lagos-ibadan expressway,ojota-berger,2026-08-19 12:37:00,2026-08-19 12:00:00,Tuesday,partly sunny,25.5,0.1,medium,2,Y/R,mixed,1,5,1.0,3
2026-09-09,lagos-badagry expressway,mile2-festac,2026-08-19 16:32:00,2026-08-19 16:00:00,Friday,partly sunny,25.9,0.13,high,3,Y/R,road segment,4,5,2.0,1
2026-08-05,third mainland bridge,oworonshole-adekunle,2026-08-19 16:05:00,2026-08-19 16:00:00,Monday,partly sunny,25.3,0.13,high,3,Y/R,mixed,0,5,2.0,3
2026-09-12,funsho williams avenue,unknown,2026-08-19 13:03:00,2026-08-19 13:00:00,Tuesday,heavy rain,23.6,0.82,low,1,G/R,road segment,1,4,0.0,1
2026-08-18,apapa-oshodi expressway,mile2-oshodi,2026-08-19 08:07:00,2026-08-19 08:00:00,Wednesday,mostly cloudy,25.2,0.12,high,3,G/Y/R,junction,2,6,2.0,2
2026-08-21,lekki-epe expressway,lekkiphase1-ajah,2026-08-19 09:29:00,2026-08-19 09:00:00,Sunday,cloudy,25.0,0.17,medium,2,G/Y,mixed,6,3,1.0,3
2026-08-01,funsho williams avenue,unknown,2026-08-19 19:40:00,2026-08-19 19:00:00,Wednesday,heavy rain,24.2,0.63,medium,2,G/Y,road segment,2,3,1.0,1
2026-08-27,third mainland bridge,oworonshole-adekunle,2026-08-19 16:44:00,2026-08-19 16:00:00,Saturday,heavy rain,22.5,0.64,high,3,Y/R,road segment,5,5,2.0,1
2026-08-25,lekki-epe expressway,lekkiphase1-ajah,2026-08-19 16:25:00,2026-08-19 16:00:00,Sunday,light rain,25.4,0.32,medium,2,Y/R,mixed,6,5,1.0,3
2026-09-09,funsho williams avenue,unknown,2026-08-19 09:02:00,2026-08-19 09:00:00,Thursday,light rain,24.5,0.36,high,3,R,junction,3,2,2.0,2
2026-08-12,lagos-abeokuta expressway,abule egba-iyana ipaja,2026-08-19 20:44:00,2026-08-19 20:00:00,Thursday,light rain,23.2,0.35,low,1,G/Y,none evident,3,3,0.0,0
2026-08-09,third mainland bridge,oworonshole-adekunle,2026-08-19 10:17:00,2026-08-19 10:00:00,Monday,heavy rain,23.9,0.74,low,1,G/Y,road segment,0,3,0.0,1
2026-08-12,apapa-oshodi expressway,mile2-oshodi,2026-08-19 07:15:00,2026-08-19 07:00:00,Tuesday,mostly cloudy,25.0,0.15,high,3,G/Y/R,road segment,1,6,2.0,1
2026-08-04,lagos-abeokuta expressway,abule egba-iyana ipaja,2026-08-19 11:07:00,2026-08-19 11:00:00,Monday,heavy rain,23.7,0.58,low,1,G/R,none evident,0,4,0.0,0
2026-08-17,funsho williams avenue,unknown,2026-08-19 11:50:00,2026-08-19 11:00:00,Wednesday,cloudy,27.4,0.2,low,1,G/Y,road segment,2,3,0.0,1
2026-09-15,third mainland bridge,oworonshole-adekunle,2026-08-19 06:38:00,2026-08-19 06:00:00,Thursday,mostly cloudy,26.4,0.14,low,1,G/Y,none evident,3,3,0.0,0
2026-09-15,lagos-abeokuta expressway,abule egba-iyana ipaja,2026-08-19 20:34:00,2026-08-19 20:00:00,Sunday,heavy rain,22.2,0.68,low,1,G,road segment,6,0,0.0,1
2026-09-06,third mainland bridge,oworonshole-adekunle,2026-08-19 09:02:00,2026-08-19 09:00:00,Monday,partly sunny,27.4,0.15,high,3,G/Y/R,mixed,0,6,2.0,3
2026-09-11,lagos-abeokuta expressway,abule egba-iyana ipaja,2026-08-19 12:49:00,2026-08-19 12:00:00,Tuesday,mostly cloudy,24.7,0.13,medium,2,Y,mixed,1,1,1.0,3
2026-08-30,lagos-badagry expressway,mile2-festac,2026-08-19 14:34:00,2026-08-19 14:00:00,Monday,mostly cloudy,26.1,0.16,medium,2,G/Y/R,mixed,0,6,1.0,3
2026-08-21,lagos-badagry expressway,mile2-festac,2026-08-19 09:15:00,2026-08-19 09:00:00,Friday,partly sunny,25.7,0.1,medium,2,Y/R,road segment,4,5,1.0,1
2026-08-12,lagos-ibadan expressway,ojota-berger,2026-08-19 09:15:00,2026-08-19 09:00:00,Sunday,light rain,24.2,0.21,medium,2,Y,mixed,6,1,1.0,3
2026-08-17,lagos-badagry expressway,mile2-festac,2026-08-19 19:38:00,2026-08-19 19:00:00,Monday,heavy rain,22.3,0.53,high,3,Y/R,mixed,0,5,2.0,3
2026-08-16,funsho williams avenue,unknown,2026-08-19 11:19:00,2026-08-19 11:00:00,Sunday,mostly cloudy,24.7,0.11,low,1,G,road segment,6,0,0.0,1
2026-08-08,ikorodu road,unknown,2026-08-19 08:12:00,2026-08-19 08:00:00,Monday,cloudy,25.4,0.1,medium,2,Y,junction,0,1,1.0,2
2026-08-09,lekki-epe expressway,lekkiphase1-ajah,2026-08-19 20:48:00,2026-08-19 20:00:00,Saturday,light rain,25.7,0.4,low,1,G/Y,none evident,5,3,0.0,0
2026-08-13,funsho williams avenue,unknown,2026-08-19 13:29:00,2026-08-19 13:00:00,Tuesday,partly sunny,26.9,0.09,low,1,G/R,none evident,1,4,0.0,0
2026-09-09,third mainland bridge,oworonshole-adekunle,2026-08-19 20:53:00,2026-08-19 20:00:00,Monday,cloudy,25.0,0.1,medium,2,Y/R,mixed,0,5,1.0,3
2026-09-03,lagos-abeokuta expressway,abule egba-iyana ipaja,2026-08-19 14:10:00,2026-08-19 14:00:00,Tuesday,cloudy,27.1,0.13,low,1,G,none evident,1,0,0.0,0
2026-09-02,funsho williams avenue,unknown,2026-08-19 21:33:00,2026-08-19 21:00:00,Sunday,cloudy,27.0,0.23,low,1,G/Y,none evident,6,3,0.0,0
2026-08-02,lagos-badagry expressway,mile2-festac,2026-08-19 17:11:00,2026-08-19 17:00:00,Tuesday,heavy rain,23.7,0.61,high,3,G/Y/R,junction,1,6,2.0,2
2026-09-11,apapa-oshodi expressway,mile2-oshodi,2026-08-19 12:48:00,2026-08-19 12:00:00,Sunday,partly sunny,26.1,0.1,low,1,G/R,none evident,6,4,0.0,0
2026-09-01,lagos-badagry expressway,mile2-festac,2026-08-19 13:44:00,2026-08-19 13:00:00,Tuesday,heavy rain,24.2,0.67,low,1,G/Y,none evident,1,3,0.0,0
2026-08-25,apapa-oshodi expressway,mile2-oshodi,2026-08-19 12:42:00,2026-08-19 12:00:00,Friday,light rain,23.5,0.36,low,1,G/R,none evident,4,4,0.0,0
2026-08-28,lagos-abeokuta expressway,abule egba-iyana ipaja,2026-08-19 09:23:00,2026-08-19 09:00:00,Wednesday,cloudy,25.2,0.21,high,3,G/Y/R,mixed,2,6,2.0,3
2026-09-11,lagos-ibadan expressway,ojota-berger,2026-08-19 15:37:00,2026-08-19 15:00:00,Tuesday,heavy rain,23.6,0.71,medium,2,Y/R,mixed,1,5,1.0,3
2026-08-16,lagos-badagry expressway,mile2-festac,2026-08-19 19:45:00,2026-08-19 19:00:00,Wednesday,heavy rain,22.6,0.56,high,3,R,road segment,2,2,2.0,1
2026-08-11,apapa-oshodi expressway,mile2-oshodi,2026-08-19 20:31:00,2026-08-19 20:00:00,Tuesday,mostly cloudy,25.1,0.2,low,1,G/Y,road segment,1,3,0.0,1
2026-08-07,lagos-badagry expressway,mile2-festac,2026-08-19 16:16:00,2026-08-19 16:00:00,Sunday,mostly cloudy,25.9,0.1,high,3,G/Y/R,junction,6,6,2.0,2
2026-08-07,lagos-badagry expressway,mile2-festac,2026-08-19 09:06:00,2026-08-19 09:00:00,Saturday,cloudy,27.5,0.12,medium,2,G/Y,road segment,5,3,1.0,1
2026-08-06,third mainland bridge,oworonshole-adekunle,2026-08-19 06:55:00,2026-08-19 06:00:00,Saturday,cloudy,27.5,0.2,low,1,G/R,none evident,5,4,0.0,0
2026-09-09,lagos-ibadan expressway,ojota-berger,2026-08-19 16:44:00,2026-08-19 16:00:00,Friday,cloudy,26.5,0.22,medium,2,Y,road segment,4,1,1.0,1
2026-09-15,lagos-abeokuta expressway,abule egba-iyana ipaja,2026-08-19 18:27:00,2026-08-19 18:00:00,Tuesday,partly sunny,27.8,0.13,high,3,R,junction,1,2,2.0,2
2026-08-07,funsho williams avenue,unknown,2026-08-19 12:08:00,2026-08-19 12:00:00,Tuesday,heavy rain,22.9,0.84,low,1,G/Y,road segment,1,3,0.0,1
2026-08-20,lagos-abeokuta expressway,abule egba-iyana ipaja,2026-08-19 10:10:00,2026-08-19 10:00:00,Saturday,light rain,23.7,0.33,low,1,G,road segment,5,0,0.0,1
2026-08-05,lagos-abeokuta expressway,abule egba-iyana ipaja,2026-08-19 18:32:00,2026-08-19 18:00:00,Sunday,partly sunny,26.1,0.12,high,3,Y/R,mixed,6,5,2.0,3
2026-08-03,lagos-abeokuta expressway,abule egba-iyana ipaja,2026-08-19 08:52:00,2026-08-19 08:00:00,Monday,mostly cloudy,25.8,0.1,high,3,R,mixed,0,2,2.0,3
2026-09-08,third mainland bridge,oworonshole-adekunle,2026-08-19 13:10:00,2026-08-19 13:00:00,Sunday,cloudy,26.8,0.21,low,1,G,road segment,6,0,0.0,1
2026-08-02,apapa-oshodi expressway,mile2-oshodi,2026-08-19 15:49:00,2026-08-19 15:00:00,Saturday,cloudy,26.6,0.23,medium,2,Y,junction,5,1,1.0,2
2026-08-23,third mainland bridge,oworonshole-adekunle,2026-08-19 20:35:00,2026-08-19 20:00:00,Thursday,mostly cloudy,24.5,0.14,low,1,G,none evident,3,0,0.0,0
2026-08-26,lagos-ibadan expressway,ojota-berger,2026-08-19 17:07:00,2026-08-19 17:00:00,Thursday,mostly cloudy,25.5,0.19,high,3,G/Y/R,junction,3,6,2.0,2
2026-08-04,funsho williams avenue,unknown,2026-08-19 16:51:00,2026-08-19 16:00:00,Wednesday,mostly cloudy,25.4,0.19,medium,2,G/Y,junction,2,3,1.0,2
2026-09-14,lagos-badagry expressway,mile2-festac,2026-08-19 10:54:00,2026-08-19 10:00:00,Sunday,light rain,25.7,0.21,low,1,G,road segment,6,0,0.0,1
2026-09-08,ikorodu road,unknown,2026-08-19 08:14:00,2026-08-19 08:00:00,Thursday,light rain,24.0,0.34,medium,2,G/Y,junction,3,3,1.0,2
2026-08-22,lagos-badagry expressway,mile2-festac,2026-08-19 18:11:00,2026-08-19 18:00:00,Saturday,partly sunny,28.9,0.08,high,3,G/Y/R,junction,5,6,2.0,2
2026-09-12,lagos-abeokuta expressway,abule egba-iyana ipaja,2026-08-19 22:17:00,2026-08-19 22:00:00,Saturday,light rain,25.2,0.37,low,1,G/R,road segment,5,4,0.0,1
2026-08-27,apapa-oshodi expressway,mile2-oshodi,2026-08-19 13:42:00,2026-08-19 13:00:00,Friday,light rain,23.3,0.33,medium,2,Y/R,road segment,4,5,1.0,1
2026-08-19,lekki-epe expressway,lekkiphase1-ajah,2026-08-19 18:12:00,2026-08-19 18:00:00,Friday,partly sunny,28.8,0.06,high,3,R,road segment,4,2,2.0,1
2026-08-21,lekki-epe expressway,lekkiphase1-ajah,2026-08-19 09:09:00,2026-08-19 09:00:00,Monday,cloudy,27.0,0.11,medium,2,Y,road segment,0,1,1.0,1
2026-08-28,lagos-abeokuta expressway,abule egba-iyana ipaja,2026-08-19 08:38:00,2026-08-19 08:00:00,Tuesday,mostly cloudy,25.7,0.13,high,3,G/Y/R,road segment,1,6,2.0,1
2026-09-06,lekki-epe expressway,lekkiphase1-ajah,2026-08-19 09:12:00,2026-08-19 09:00:00,Thursday,cloudy,27.7,0.12,high,3,R,road segment,3,2,2.0,1
2026-08-09,lagos-ibadan expressway,ojota-berger,2026-08-19 15:49:00,2026-08-19 15:00:00,Sunday,cloudy,26.9,0.13,medium,2,G/Y,junction,6,3,1.0,2
2026-08-07,lagos-abeokuta expressway,abule egba-iyana ipaja,2026-08-19 16:42:00,2026-08-19 16:00:00,Sunday,light rain,24.3,0.39,medium,2,Y,junction,6,1,1.0,2
2026-08-20,lagos-abeokuta expressway,abule egba-iyana ipaja,2026-08-19 07:00:00,2026-08-19 07:00:00,Wednesday,mostly cloudy,24.5,0.2,high,3,Y/R,road segment,2,5,2.0,1
2026-08-11,lagos-abeokuta expressway,abule egba-iyana ipaja,2026-08-19 13:36:00,2026-08-19 13:00:00,Wednesday,partly sunny,28.8,0.06,low,1,G,road segment,2,0,0.0,1
2026-08-23,third mainland bridge,oworonshole-adekunle,2026-08-19 12:18:00,2026-08-19 12:00:00,Monday,mostly cloudy,24.1,0.13,medium,2,Y,road segment,0,1,1.0,1
2026-08-24,lagos-badagry expressway,mile2-festac,2026-08-19 14:29:00,2026-08-19 14:00:00,Monday,partly sunny,26.3,0.12,medium,2,Y,mixed,0,1,1.0,3
2026-08-23,lagos-abeokuta expressway,abule egba-iyana ipaja,2026-08-19 16:53:00,2026-08-19 16:00:00,Sunday,mostly cloudy,24.3,0.14,high,3,R,junction,6,2,2.0,2
2026-08-11,lagos-ibadan expressway,ojota-berger,2026-08-19 08:57:00,2026-08-19 08:00:00,Tuesday,light rain,24.1,0.22,high,3,R,mixed,1,2,2.0,3
2026-08-06,ikorodu road,unknown,2026-08-19 10:13:00,2026-08-19 10:00:00,Wednesday,mostly cloudy,25.6,0.15,low,1,G/R,road segment,2,4,0.0,1
2026-09-14,lekki-epe expressway,lekkiphase1-ajah,2026-08-19 20:06:00,2026-08-19 20:00:00,Saturday,heavy rain,23.3,0.67,low,1,G/Y,none evident,5,3,0.0,0
2026-09-11,lekki-epe expressway,lekkiphase1-ajah,2026-08-19 17:14:00,2026-08-19 17:00:00,Sunday,light rain,24.5,0.38,high,3,Y/R,mixed,6,5,2.0,3
2026-09-01,funsho williams avenue,unknown,2026-08-19 20:07:00,2026-08-19 20:00:00,Wednesday,heavy rain,22.3,0.8,medium,2,Y/R,mixed,2,5,1.0,3
2026-09-06,ikorodu road,unknown,2026-08-19 20:31:00,2026-08-19 20:00:00,Thursday,partly sunny,27.0,0.08,medium,2,Y/R,mixed,3,5,1.0,3
2026-08-08,lagos-abeokuta expressway,abule egba-iyana ipaja,2026-08-19 11:42:00,2026-08-19 11:00:00,Tuesday,partly sunny,27.8,0.06,low,1,G/R,none evident,1,4,0.0,0
2026-08-03,ikorodu road,unknown,2026-08-19 08:26:00,2026-08-19 08:00:00,Friday,light rain,24.0,0.26,medium,2,G/Y,road segment,4,3,1.0,1
2026-08-04,lagos-badagry expressway,mile2-festac,2026-08-19 18:51:00,2026-08-19 18:00:00,Sunday,cloudy,27.9,0.12,high,3,G/Y/R,road segment,6,6,2.0,1
2026-08-16,lekki-epe expressway,lekkiphase1-ajah,2026-08-19 08:53:00,2026-08-19 08:00:00,Monday,mostly cloudy,25.6,0.12,high,3,R,mixed,0,2,2.0,3
2026-09-02,third mainland bridge,oworonshole-adekunle,2026-08-19 14:45:00,2026-08-19 14:00:00,Saturday,cloudy,27.7,0.17,low,1,G,road segment,5,0,0.0,1
2026-08-25,lagos-badagry expressway,mile2-festac,2026-08-19 14:00:00,2026-08-19 14:00:00,Tuesday,mostly cloudy,26.4,0.18,medium,2,G/Y,mixed,1,3,1.0,3
2026-08-18,lagos-abeokuta expressway,abule egba-iyana ipaja,2026-08-19 08:48:00,2026-08-19 08:00:00,Wednesday,light rain,24.4,0.33,high,3,G/Y/R,junction,2,6,2.0,2
2026-08-03,funsho williams avenue,unknown,2026-08-19 15:50:00,2026-08-19 15:00:00,Friday,mostly cloudy,24.2,0.17,medium,2,Y,road segment,4,1,1.0,1
2026-09-07,funsho williams avenue,unknown,2026-08-19 14:44:00,2026-08-19 14:00:00,Thursday,partly sunny,27.0,0.11,low,1,G/Y,none evident,3,3,0.0,0
2026-08-29,apapa-oshodi expressway,mile2-oshodi,2026-08-19 14:28:00,2026-08-19 14:00:00,Wednesday,mostly cloudy,25.7,0.11,low,1,G,none evident,2,0,0.0,0
2026-09-13,ikorodu road,unknown,2026-08-19 07:30:00,2026-08-19 07:00:00,Friday,heavy rain,23.1,0.75,high,3,Y/R,road segment,4,5,2.0,1
2026-08-24,lekki-epe expressway,lekkiphase1-ajah,2026-08-19 09:27:00,2026-08-19 09:00:00,Saturday,light rain,24.6,0.2,medium,2,Y,mixed,5,1,1.0,3
2026-08-19,third mainland bridge,oworonshole-adekunle,2026-08-19 06:40:00,2026-08-19 06:00:00,Saturday,partly sunny,27.1,0.11,low,1,G/Y,road segment,5,3,0.0,1
2026-08-19,ikorodu road,unknown,2026-08-19 09:05:00,2026-08-19 09:00:00,Friday,light rain,23.7,0.35,high,3,G/Y/R,mixed,4,6,2.0,3
2026-09-10,lagos-ibadan expressway,ojota-berger,2026-08-19 17:44:00,2026-08-19 17:00:00,Monday,mostly cloudy,24.3,0.12,high,3,R,junction,0,2,2.0,2
2026-08-11,funsho williams avenue,unknown,2026-08-19 15:07:00,2026-08-19 15:00:00,Friday,mostly cloudy,26.9,0.18,medium,2,Y/R,mixed,4,5,1.0,3
2026-08-20,lagos-abeokuta expressway,abule egba-iyana ipaja,2026-08-19 14:34:00,2026-08-19 14:00:00,Saturday,light rain,25.6,0.33,medium,2,Y/R,junction,5,5,1.0,2
2026-08-31,ikorodu road,unknown,2026-08-19 13:20:00,2026-08-19 13:00:00,Friday,light rain,23.1,0.23,medium,2,Y,junction,4,1,1.0,2
2026-08-08,funsho williams avenue,unknown,2026-08-19 17:17:00,2026-08-19 17:00:00,Tuesday,light rain,25.4,0.2,high,3,G/Y/R,mixed,1,6,2.0,3
2026-09-09,third mainland bridge,oworonshole-adekunle,2026-08-19 10:28:00,2026-08-19 10:00:00,Monday,mostly cloudy,24.8,0.1,low,1,G,none evident,0,0,0.0,0
2026-08-13,lagos-abeokuta expressway,abule egba-iyana ipaja,2026-08-19 14:58:00,2026-08-19 14:00:00,Saturday,mostly cloudy,25.1,0.19,medium,2,Y,mixed,5,1,1.0,3
2026-08-18,ikorodu road,unknown,2026-08-19 18:44:00,2026-08-19 18:00:00,Saturday,partly sunny,28.6,0.14,high,3,G/Y/R,mixed,5,6,2.0,3
2026-09-06,lagos-abeokuta expressway,abule egba-iyana ipaja,2026-08-19 22:46:00,2026-08-19 22:00:00,Friday,heavy rain,22.9,0.8,low,1,G/R,road segment,4,4,0.0,1
2026-08-20,third mainland bridge,oworonshole-adekunle,2026-08-19 15:04:00,2026-08-19 15:00:00,Tuesday,partly sunny,28.8,0.13,medium,2,Y/R,junction,1,5,1.0,2
2026-08-09,lagos-badagry expressway,mile2-festac,2026-08-19 19:06:00,2026-08-19 19:00:00,Saturday,mostly cloudy,25.5,0.18,medium,2,G/Y,road segment,5,3,1.0,1
2026-08-08,lagos-badagry expressway,mile2-festac,2026-08-19 14:55:00,2026-08-19 14:00:00,Monday,partly sunny,25.6,0.12,medium,2,Y/R,mixed,0,5,1.0,3
2026-09-11,lagos-ibadan expressway,ojota-berger,2026-08-19 16:06:00,2026-08-19 16:00:00,Sunday,mostly cloudy,25.0,0.16,medium,2,G/Y,road segment,6,3,1.0,1
2026-09-08,third mainland bridge,oworonshole-adekunle,2026-08-19 17:04:00,2026-08-19 17:00:00,Sunday,partly sunny,26.7,0.07,high,3,R,mixed,6,2,2.0,3
2026-08-12,third mainland bridge,oworonshole-adekunle,2026-08-19 20:28:00,2026-08-19 20:00:00,Thursday,mostly cloudy,25.9,0.13,low,1,G/R,road segment,3,4,0.0,1
2026-09-04,lagos-abeokuta expressway,abule egba-iyana ipaja,2026-08-19 19:16:00,2026-08-19 19:00:00,Friday,partly sunny,28.4,0.07,high,3,Y/R,junction,4,5,2.0,2
2026-08-27,apapa-oshodi expressway,mile2-oshodi,2026-08-19 15:03:00,2026-08-19 15:00:00,Thursday,partly sunny,27.9,0.1,medium,2,Y/R,junction,3,5,1.0,2
2026-09-03,apapa-oshodi expressway,mile2-oshodi,2026-08-19 17:21:00,2026-08-19 17:00:00,Thursday,partly sunny,27.2,0.08,high,3,G/Y/R,mixed,3,6,2.0,3
2026-09-08,funsho williams avenue,unknown,2026-08-19 20:21:00,2026-08-19 20:00:00,Sunday,heavy rain,22.8,0.57,low,1,G/R,none evident,6,4,0.0,0
2026-09-09,lagos-badagry expressway,mile2-festac,2026-08-19 17:26:00,2026-08-19 17:00:00,Sunday,light rain,25.6,0.39,high,3,Y/R,junction,6,5,2.0,2
2026-08-28,lagos-badagry expressway,mile2-festac,2026-08-19 18:50:00,2026-08-19 18:00:00,Saturday,partly sunny,28.4,0.15,high,3,Y/R,road segment,5,5,2.0,1
2026-08-04,third mainland bridge,oworonshole-adekunle,2026-08-19 13:55:00,2026-08-19 13:00:00,Monday,cloudy,26.5,0.18,low,1,G/Y,road segment,0,3,0.0,1
2026-08-23,third mainland bridge,oworonshole-adekunle,2026-08-19 11:48:00,2026-08-19 11:00:00,Saturday,heavy rain,22.2,0.72,low,1,G/R,road segment,5,4,0.0,1
2026-08-24,lagos-abeokuta expressway,abule egba-iyana ipaja,2026-08-19 13:02:00,2026-08-19 13:00:00,Monday,light rain,24.6,0.27,low,1,G/R,road segment,0,4,0.0,1
2026-08-20,lagos-ibadan expressway,ojota-berger,2026-08-19 18:09:00,2026-08-19 18:00:00,Wednesday,mostly cloudy,24.1,0.16,high,3,G/Y/R,road segment,2,6,2.0,1
2026-08-20,lagos-ibadan expressway,ojota-berger,2026-08-19 15:08:00,2026-08-19 15:00:00,Friday,mostly cloudy,25.9,0.12,medium,2,G/Y,junction,4,3,1.0,2
2026-09-02,lagos-badagry expressway,mile2-festac,2026-08-19 10:27:00,2026-08-19 10:00:00,Thursday,light rain,24.1,0.37,low,1,G/R,road segment,3,4,0.0,1
2026-09-13,ikorodu road,unknown,2026-08-19 18:31:00,2026-08-19 18:00:00,Tuesday,heavy rain,22.8,0.82,high,3,R,mixed,1,2,2.0,3
2026-08-28,lagos-ibadan expressway,ojota-berger,2026-08-19 08:25:00,2026-08-19 08:00:00,Sunday,cloudy,25.5,0.18,medium,2,G/Y,road segment,6,3,1.0,1
2026-08-05,funsho williams avenue,unknown,2026-08-19 12:40:00,2026-08-19 12:00:00,Friday,partly sunny,26.6,0.1,low,1,G/R,road segment,4,4,0.0,1
2026-09-12,lekki-epe expressway,lekkiphase1-ajah,2026-08-19 14:26:00,2026-08-19 14:00:00,Tuesday,partly sunny,26.1,0.12,medium,2,G/Y,mixed,1,3,1.0,3
2026-09-15,third mainland bridge,oworonshole-adekunle,2026-08-19 14:09:00,2026-08-19 14:00:00,Wednesday,light rain,23.4,0.32,medium,2,Y,mixed,2,1,1.0,3
2026-08-04,lagos-badagry expressway,mile2-festac,2026-08-19 07:52:00,2026-08-19 07:00:00,Thursday,partly sunny,27.1,0.06,high,3,G/Y/R,junction,3,6,2.0,2
2026-08-18,lagos-ibadan expressway,ojota-berger,2026-08-19 10:09:00,2026-08-19 10:00:00,Tuesday,light rain,24.4,0.28,low,1,G,none evident,1,0,0.0,0
2026-09-12,third mainland bridge,oworonshole-adekunle,2026-08-19 13:03:00,2026-08-19 13:00:00,Thursday,cloudy,26.4,0.11,low,1,G/Y,road segment,3,3,0.0,1
2026-08-28,lagos-badagry expressway,mile2-festac,2026-08-19 16:30:00,2026-08-19 16:00:00,Sunday,light rain,25.4,0.4,medium,2,G/Y,mixed,6,3,1.0,3
2026-09-01,third mainland bridge,oworonshole-adekunle,2026-08-19 08:40:00,2026-08-19 08:00:00,Wednesday,cloudy,27.0,0.15,high,3,Y/R,road segment,2,5,2.0,1
2026-08-17,funsho williams avenue,unknown,2026-08-19 07:16:00,2026-08-19 07:00:00,Friday,cloudy,27.3,0.15,high,3,R,mixed,4,2,2.0,3
2026-08-12,third mainland bridge,oworonshole-adekunle,2026-08-19 19:52:00,2026-08-19 19:00:00,Monday,light rain,23.4,0.24,high,3,R,junction,0,2,2.0,2
2026-09-15,lekki-epe expressway,lekkiphase1-ajah,2026-08-19 22:42:00,2026-08-19 22:00:00,Sunday,cloudy,26.6,0.13,low,1,G/R,none evident,6,4,0.0,0
2026-08-28,lagos-badagry expressway,mile2-festac,2026-08-19 12:42:00,2026-08-19 12:00:00,Sunday,light rain,24.4,0.23,low,1,G/R,none evident,6,4,0.0,0
2026-08-05,lagos-badagry expressway,mile2-festac,2026-08-19 20:51:00,2026-08-19 20:00:00,Saturday,heavy rain,22.4,0.79,low,1,G/R,road segment,5,4,0.0,1
2026-09-11,third mainland bridge,oworonshole-adekunle,2026-08-19 12:30:00,2026-08-19 12:00:00,Tuesday,light rain,24.6,0.32,low,1,G,none evident,1,0,0.0,0
2026-08-13,lagos-ibadan expressway,ojota-berger,2026-08-19 19:37:00,2026-08-19 19:00:00,Monday,partly sunny,26.6,0.05,high,3,G/Y/R,road segment,0,6,2.0,1
2026-09-10,funsho williams avenue,unknown,2026-08-19 20:08:00,2026-08-19 20:00:00,Tuesday,partly sunny,28.5,0.08,medium,2,Y/R,road segment,1,5,1.0,1
2026-08-24,apapa-oshodi expressway,mile2-oshodi,2026-08-19 11:20:00,2026-08-19 11:00:00,Sunday,mostly cloudy,26.9,0.19,low,1,G/R,none evident,6,4,0.0,0
2026-08-12,lagos-ibadan expressway,ojota-berger,2026-08-19 09:27:00,2026-08-19 09:00:00,Monday,light rain,24.2,0.23,medium,2,G/Y/R,junction,0,6,1.0,2
2026-08-18,lagos-badagry expressway,mile2-festac,2026-08-19 20:20:00,2026-08-19 20:00:00,Wednesday,cloudy,25.5,0.23,low,1,G,road segment,2,0,0.0,1
2026-08-31,lagos-abeokuta expressway,abule egba-iyana ipaja,2026-08-19 09:14:00,2026-08-19 09:00:00,Thursday,partly sunny,28.0,0.1,high,3,R,road segment,3,2,2.0,1
2026-08-05,lagos-ibadan expressway,ojota-berger,2026-08-19 14:43:00,2026-08-19 14:00:00,Wednesday,light rain,23.5,0.32,medium,2,Y,mixed,2,1,1.0,3
2026-08-25,lagos-abeokuta expressway,abule egba-iyana ipaja,2026-08-19 10:59:00,2026-08-19 10:00:00,Saturday,heavy rain,22.9,0.79,low,1,G,road segment,5,0,0.0,1
2026-08-30,funsho williams avenue,unknown,2026-08-19 09:42:00,2026-08-19 09:00:00,Sunday,heavy rain,24.4,0.59,medium,2,Y,road segment,6,1,1.0,1
2026-08-18,ikorodu road,unknown,2026-08-19 09:10:00,2026-08-19 09:00:00,Thursday,light rain,25.5,0.26,medium,2,Y/R,mixed,3,5,1.0,3
2026-08-07,apapa-oshodi expressway,mile2-oshodi,2026-08-19 22:24:00,2026-08-19 22:00:00,Friday,light rain,23.5,0.39,low,1,G/R,none evident,4,4,0.0,0
2026-09-08,third mainland bridge,oworonshole-adekunle,2026-08-19 17:00:00,2026-08-19 17:00:00,Monday,heavy rain,24.3,0.78,high,3,R,road segment,0,2,2.0,1
2026-08-14,apapa-oshodi expressway,mile2-oshodi,2026-08-19 16:54:00,2026-08-19 16:00:00,Tuesday,partly sunny,25.7,0.12,high,3,Y/R,mixed,1,5,2.0,3
2026-09-04,apapa-oshodi expressway,mile2-oshodi,2026-08-19 08:49:00,2026-08-19 08:00:00,Sunday,partly sunny,28.4,0.07,medium,2,G/Y/R,road segment,6,6,1.0,1
2026-08-04,lekki-epe expressway,lekkiphase1-ajah,2026-08-19 20:27:00,2026-08-19 20:00:00,Thursday,mostly cloudy,25.5,0.13,medium,2,G/Y,mixed,3,3,1.0,3
2026-08-02,lekki-epe expressway,lekkiphase1-ajah,2026-08-19 07:16:00,2026-08-19 07:00:00,Thursday,light rain,23.4,0.37,high,3,Y/R,mixed,3,5,2.0,3
2026-08-18,apapa-oshodi expressway,mile2-oshodi,2026-08-19 14:53:00,2026-08-19 14:00:00,Friday,cloudy,25.3,0.18,low,1,G/R,none evident,4,4,0.0,0
2026-08-03,lekki-epe expressway,lekkiphase1-ajah,2026-08-19 08:00:00,2026-08-19 08:00:00,Thursday,light rain,25.2,0.2,high,3,Y/R,road segment,3,5,2.0,1
2026-08-13,lagos-ibadan expressway,ojota-berger,2026-08-19 09:09:00,2026-08-19 09:00:00,Thursday,partly sunny,28.7,0.14,medium,2,G/Y,mixed,3,3,1.0,3
2026-09-07,lekki-epe expressway,lekkiphase1-ajah,2026-08-19 10:11:00,2026-08-19 10:00:00,Thursday,partly sunny,25.7,0.06,low,1,G/R,road segment,3,4,0.0,1
2026-09-07,lagos-abeokuta expressway,abule egba-iyana ipaja,2026-08-19 10:53:00,2026-08-19 10:00:00,Wednesday,light rain,23.9,0.31,low,1,G,road segment,2,0,0.0,1
2026-08-07,ikorodu road,unknown,2026-08-19 16:06:00,2026-08-19 16:00:00,Sunday,heavy rain,22.1,0.63,high,3,Y/R,mixed,6,5,2.0,3
2026-08-09,ikorodu road,unknown,2026-08-19 22:41:00,2026-08-19 22:00:00,Monday,light rain,25.1,0.36,low,1,G,none evident,0,0,0.0,0
2026-09-07,third mainland bridge,oworonshole-adekunle,2026-08-19 16:01:00,2026-08-19 16:00:00,Friday,partly sunny,27.5,0.1,high,3,Y/R,road segment,4,5,2.0,1
2026-08-07,ikorodu road,unknown,2026-08-19 17:37:00,2026-08-19 17:00:00,Wednesday,partly sunny,28.6,0.11,high,3,R,junction,2,2,2.0,2
2026-09-02,ikorodu road,unknown,2026-08-19 21:17:00,2026-08-19 21:00:00,Saturday,light rain,25.3,0.31,low,1,G,road segment,5,0,0.0,1
2026-08-05,lagos-badagry expressway,mile2-festac,2026-08-19 19:08:00,2026-08-19 19:00:00,Thursday,light rain,25.0,0.28,medium,2,Y,mixed,3,1,1.0,3
2026-09-05,lagos-ibadan expressway,ojota-berger,2026-08-19 19:13:00,2026-08-19 19:00:00,Tuesday,cloudy,25.9,0.13,high,3,G/Y/R,road segment,1,6,2.0,1
2026-08-24,apapa-oshodi expressway,mile2-oshodi,2026-08-19 12:50:00,2026-08-19 12:00:00,Tuesday,mostly cloudy,24.3,0.14,low,1,G/R,road segment,1,4,0.0,1
2026-08-08,funsho williams avenue,unknown,2026-08-19 17:21:00,2026-08-19 17:00:00,Monday,mostly cloudy,25.7,0.17,high,3,G/Y/R,mixed,0,6,2.0,3
2026-09-09,third mainland bridge,oworonshole-adekunle,2026-08-19 06:26:00,2026-08-19 06:00:00,Tuesday,cloudy,25.9,0.25,low,1,G/R,none evident,1,4,0.0,0
2026-09-06,funsho williams avenue,unknown,2026-08-19 20:42:00,2026-08-19 20:00:00,Wednesday,light rain,24.1,0.31,low,1,G,none evident,2,0,0.0,0
2026-08-21,ikorodu road,unknown,2026-08-19 19:01:00,2026-08-19 19:00:00,Monday,mostly cloudy,24.0,0.13,high,3,Y/R,mixed,0,5,2.0,3
2026-09-08,lagos-abeokuta expressway,abule egba-iyana ipaja,2026-08-19 17:10:00,2026-08-19 17:00:00,Monday,partly sunny,26.2,0.05,high,3,Y/R,mixed,0,5,2.0,3
2026-08-19,lagos-badagry expressway,mile2-festac,2026-08-19 09:05:00,2026-08-19 09:00:00,Wednesday,light rain,26.0,0.32,medium,2,G/Y/R,junction,2,6,1.0,2
2026-08-09,lagos-badagry expressway,mile2-festac,2026-08-19 12:47:00,2026-08-19 12:00:00,Saturday,heavy rain,23.5,0.81,medium,2,G/Y,mixed,5,3,1.0,3
2026-08-04,lagos-badagry expressway,mile2-festac,2026-08-19 19:54:00,2026-08-19 19:00:00,Sunday,heavy rain,23.0,0.55,medium,2,G/Y,junction,6,3,1.0,2
2026-08-22,lagos-badagry expressway,mile2-festac,2026-08-19 12:47:00,2026-08-19 12:00:00,Sunday,heavy rain,24.5,0.57,low,1,G,road segment,6,0,0.0,1
2026-08-20,funsho williams avenue,unknown,2026-08-19 18:43:00,2026-08-19 18:00:00,Tuesday,partly sunny,26.1,0.1,high,3,Y/R,road segment,1,5,2.0,1
2026-08-15,lagos-ibadan expressway,ojota-berger,2026-08-19 12:23:00,2026-08-19 12:00:00,Sunday,heavy rain,23.7,0.64,low,1,G,road segment,6,0,0.0,1
2026-08-11,lagos-ibadan expressway,ojota-berger,2026-08-19 08:07:00,2026-08-19 08:00:00,Monday,cloudy,27.9,0.12,medium,2,G/Y,mixed,0,3,1.0,3
2026-08-02,lagos-ibadan expressway,ojota-berger,2026-08-19 17:51:00,2026-08-19 17:00:00,Sunday,cloudy,27.1,0.21,high,3,R,mixed,6,2,2.0,3
2026-09-07,apapa-oshodi expressway,mile2-oshodi,2026-08-19 20:03:00,2026-08-19 20:00:00,Saturday,heavy rain,22.2,0.73,medium,2,Y,junction,5,1,1.0,2
2026-08-02,lagos-abeokuta expressway,abule egba-iyana ipaja,2026-08-19 10:39:00,2026-08-19 10:00:00,Friday,partly sunny,28.9,0.09,low,1,G/Y,road segment,4,3,0.0,1
2026-08-18,lekki-epe expressway,lekkiphase1-ajah,2026-08-19 11:47:00,2026-08-19 11:00:00,Monday,cloudy,25.4,0.14,low,1,G,none evident,0,0,0.0,0
2026-09-11,lagos-badagry expressway,mile2-festac,2026-08-19 08:10:00,2026-08-19 08:00:00,Sunday,mostly cloudy,24.1,0.17,medium,2,G/Y,road segment,6,3,1.0,1
2026-08-24,third mainland bridge,oworonshole-adekunle,2026-08-19 15:11:00,2026-08-19 15:00:00,Friday,light rain,23.7,0.27,medium,2,Y/R,mixed,4,5,1.0,3
2026-08-19,ikorodu road,unknown,2026-08-19 13:37:00,2026-08-19 13:00:00,Wednesday,cloudy,26.2,0.19,low,1,G/Y,road segment,2,3,0.0,1
2026-08-09,lagos-ibadan expressway,ojota-berger,2026-08-19 18:34:00,2026-08-19 18:00:00,Saturday,partly sunny,26.6,0.13,high,3,G/Y/R,road segment,5,6,2.0,1
2026-08-15,third mainland bridge,oworonshole-adekunle,2026-08-19 16:59:00,2026-08-19 16:00:00,Saturday,partly sunny,27.3,0.12,high,3,G/Y/R,road segment,5,6,2.0,1
2026-08-17,apapa-oshodi expressway,mile2-oshodi,2026-08-19 17:22:00,2026-08-19 17:00:00,Sunday,mostly cloudy,24.3,0.12,high,3,R,junction,6,2,2.0,2
2026-09-04,third mainland bridge,oworonshole-adekunle,2026-08-19 19:59:00,2026-08-19 19:00:00,Friday,cloudy,27.0,0.24,high,3,G/Y/R,road segment,4,6,2.0,1
2026-08-25,lagos-abeokuta expressway,abule egba-iyana ipaja,2026-08-19 18:52:00,2026-08-19 18:00:00,Friday,partly sunny,26.3,0.06,high,3,Y/R,road segment,4,5,2.0,1
2026-08-06,funsho williams avenue,unknown,2026-08-19 17:24:00,2026-08-19 17:00:00,Sunday,mostly cloudy,25.1,0.16,high,3,R,mixed,6,2,2.0,3
2026-08-09,apapa-oshodi expressway,mile2-oshodi,2026-08-19 16:10:00,2026-08-19 16:00:00,Sunday,mostly cloudy,25.6,0.16,high,3,G/Y/R,junction,6,6,2.0,2
2026-08-02,lekki-epe expressway,lekkiphase1-ajah,2026-08-19 17:55:00,2026-08-19 17:00:00,Thursday,heavy rain,22.8,0.64,high,3,R,junction,3,2,2.0,2
2026-09-10,lagos-badagry expressway,mile2-festac,2026-08-19 20:53:00,2026-08-19 20:00:00,Saturday,mostly cloudy,26.0,0.16,medium,2,G/Y/R,junction,5,6,1.0,2
2026-08-22,lagos-badagry expressway,mile2-festac,2026-08-19 09:52:00,2026-08-19 09:00:00,Wednesday,mostly cloudy,25.7,0.11,medium,2,Y/R,road segment,2,5,1.0,1
2026-09-06,lekki-epe expressway,lekkiphase1-ajah,2026-08-19 13:11:00,2026-08-19 13:00:00,Wednesday,cloudy,26.5,0.25,low,1,G/R,road segment,2,4,0.0,1
2026-09-12,lagos-ibadan expressway,ojota-berger,2026-08-19 21:14:00,2026-08-19 21:00:00,Thursday,partly sunny,26.8,0.1,low,1,G,none evident,3,0,0.0,0
2026-08-16,lekki-epe expressway,lekkiphase1-ajah,2026-08-19 12:00:00,2026-08-19 12:00:00,Thursday,heavy rain,22.6,0.76,low,1,G/R,road segment,3,4,0.0,1
2026-09-13,ikorodu road,unknown,2026-08-19 16:26:00,2026-08-19 16:00:00,Wednesday,heavy rain,24.4,0.84,medium,2,G/Y,road segment,2,3,1.0,1
2026-08-17,lagos-ibadan expressway,ojota-berger,2026-08-19 13:06:00,2026-08-19 13:00:00,Sunday,heavy rain,23.0,0.56,low,1,G,road segment,6,0,0.0,1
2026-09-10,third mainland bridge,oworonshole-adekunle,2026-08-19 15:35:00,2026-08-19 15:00:00,Wednesday,mostly cloudy,25.2,0.16,medium,2,Y,mixed,2,1,1.0,3
2026-09-10,ikorodu road,unknown,2026-08-19 15:33:00,2026-08-19 15:00:00,Saturday,mostly cloudy,25.5,0.15,medium,2,Y/R,junction,5,5,1.0,2
2026-08-26,ikorodu road,unknown,2026-08-19 19:28:00,2026-08-19 19:00:00,Tuesday,light rain,24.4,0.36,medium,2,Y,mixed,1,1,1.0,3
2026-08-22,lagos-ibadan expressway,ojota-berger,2026-08-19 19:10:00,2026-08-19 19:00:00,Monday,partly sunny,27.5,0.14,high,3,G/Y/R,junction,0,6,2.0,2
2026-08-22,ikorodu road,unknown,2026-08-19 19:23:00,2026-08-19 19:00:00,Thursday,partly sunny,26.7,0.06,high,3,R,junction,3,2,2.0,2
2026-08-31,lekki-epe expressway,lekkiphase1-ajah,2026-08-19 09:01:00,2026-08-19 09:00:00,Tuesday,heavy rain,24.4,0.82,medium,2,Y,junction,1,1,1.0,2
2026-09-11,third mainland bridge,oworonshole-adekunle,2026-08-19 19:41:00,2026-08-19 19:00:00,Monday,mostly cloudy,25.2,0.13,medium,2,Y,mixed,0,1,1.0,3
2026-08-31,third mainland bridge,oworonshole-adekunle,2026-08-19 17:21:00,2026-08-19 17:00:00,Wednesday,cloudy,25.9,0.21,high,3,Y/R,mixed,2,5,2.0,3
2026-08-22,lagos-badagry expressway,mile2-festac,2026-08-19 22:59:00,2026-08-19 22:00:00,Wednesday,light rain,24.1,0.26,low,1,G,none evident,2,0,0.0,0
2026-09-15,lagos-badagry expressway,mile2-festac,2026-08-19 09:37:00,2026-08-19 09:00:00,Tuesday,cloudy,26.6,0.15,high,3,Y/R,mixed,1,5,2.0,3
2026-09-11,lagos-badagry expressway,mile2-festac,2026-08-19 11:12:00,2026-08-19 11:00:00,Friday,mostly cloudy,24.9,0.15,low,1,G,road segment,4,0,0.0,1
2026-08-31,lekki-epe expressway,lekkiphase1-ajah,2026-08-19 20:55:00,2026-08-19 20:00:00,Sunday,partly sunny,27.7,0.12,medium,2,Y/R,mixed,6,5,1.0,3
2026-08-17,apapa-oshodi expressway,mile2-oshodi,2026-08-19 15:46:00,2026-08-19 15:00:00,Thursday,mostly cloudy,24.7,0.11,medium,2,G/Y,mixed,3,3,1.0,3
2026-08-07,lagos-abeokuta expressway,abule egba-iyana ipaja,2026-08-19 09:18:00,2026-08-19 09:00:00,Monday,partly sunny,27.3,0.12,medium,2,G/Y/R,junction,0,6,1.0,2
2026-08-05,funsho williams avenue,unknown,2026-08-19 20:33:00,2026-08-19 20:00:00,Friday,cloudy,27.3,0.13,medium,2,Y/R,mixed,4,5,1.0,3
2026-08-12,lagos-ibadan expressway,ojota-berger,2026-08-19 17:30:00,2026-08-19 17:00:00,Wednesday,partly sunny,26.2,0.05,high,3,Y/R,mixed,2,5,2.0,3
2026-08-25,third mainland bridge,oworonshole-adekunle,2026-08-19 15:34:00,2026-08-19 15:00:00,Thursday,light rain,24.9,0.39,medium,2,G/Y,road segment,3,3,1.0,1
2026-08-09,apapa-oshodi expressway,mile2-oshodi,2026-08-19 12:56:00,2026-08-19 12:00:00,Wednesday,cloudy,25.6,0.17,medium,2,G/Y/R,junction,2,6,1.0,2
2026-08-18,lekki-epe expressway,lekkiphase1-ajah,2026-08-19 08:36:00,2026-08-19 08:00:00,Wednesday,heavy rain,22.9,0.55,high,3,R,junction,2,2,2.0,2
2026-09-05,lekki-epe expressway,lekkiphase1-ajah,2026-08-19 16:24:00,2026-08-19 16:00:00,Sunday,mostly cloudy,27.0,0.18,high,3,R,mixed,6,2,2.0,3
2026-09-15,lagos-badagry expressway,mile2-festac,2026-08-19 07:02:00,2026-08-19 07:00:00,Friday,heavy rain,22.9,0.57,high,3,G/Y/R,mixed,4,6,2.0,3
2026-09-07,third mainland bridge,oworonshole-adekunle,2026-08-19 12:40:00,2026-08-19 12:00:00,Wednesday,heavy rain,22.9,0.57,medium,2,G/Y,junction,2,3,1.0,2
2026-08-04,apapa-oshodi expressway,mile2-oshodi,2026-08-19 07:46:00,2026-08-19 07:00:00,Monday,light rain,24.3,0.36,high,3,G/Y/R,road segment,0,6,2.0,1
2026-09-01,third mainland bridge,oworonshole-adekunle,2026-08-19 11:16:00,2026-08-19 11:00:00,Tuesday,cloudy,25.6,0.19,low,1,G,road segment,1,0,0.0,1
2026-08-12,lagos-abeokuta expressway,abule egba-iyana ipaja,2026-08-19 14:43:00,2026-08-19 14:00:00,Tuesday,heavy rain,22.5,0.62,medium,2,Y,road segment,1,1,1.0,1
2026-08-01,funsho williams avenue,unknown,2026-08-19 20:07:00,2026-08-19 20:00:00,Sunday,partly sunny,28.9,0.1,low,1,G,road segment,6,0,0.0,1
2026-09-12,lekki-epe expressway,lekkiphase1-ajah,2026-08-19 09:25:00,2026-08-19 09:00:00,Monday,cloudy,25.7,0.18,high,3,Y/R,road segment,0,5,2.0,1
2026-08-26,lekki-epe expressway,lekkiphase1-ajah,2026-08-19 12:22:00,2026-08-19 12:00:00,Thursday,partly sunny,28.5,0.14,medium,2,Y/R,mixed,3,5,1.0,3
2026-09-03,apapa-oshodi expressway,mile2-oshodi,2026-08-19 17:54:00,2026-08-19 17:00:00,Wednesday,cloudy,25.7,0.14,high,3,Y/R,mixed,2,5,2.0,3
2026-08-27,apapa-oshodi expressway,mile2-oshodi,2026-08-19 14:35:00,2026-08-19 14:00:00,Sunday,cloudy,27.9,0.2,low,1,G/R,road segment,6,4,0.0,1
2026-09-03,funsho williams avenue,unknown,2026-08-19 17:14:00,2026-08-19 17:00:00,Saturday,cloudy,25.3,0.2,high,3,G/Y/R,mixed,5,6,2.0,3
2026-08-12,third mainland bridge,oworonshole-adekunle,2026-08-19 14:56:00,2026-08-19 14:00:00,Friday,heavy rain,24.0,0.83,medium,2,G/Y,junction,4,3,1.0,2
2026-09-05,third mainland bridge,oworonshole-adekunle,2026-08-19 17:24:00,2026-08-19 17:00:00,Sunday,mostly cloudy,24.5,0.12,high,3,Y/R,mixed,6,5,2.0,3
2026-09-14,lagos-ibadan expressway,ojota-berger,2026-08-19 20:26:00,2026-08-19 20:00:00,Friday,cloudy,27.1,0.14,low,1,G/R,road segment,4,4,0.0,1
2026-09-04,ikorodu road,unknown,2026-08-19 07:27:00,2026-08-19 07:00:00,Tuesday,light rain,25.4,0.26,high,3,G/Y/R,road segment,1,6,2.0,1
2026-08-10,apapa-oshodi expressway,mile2-oshodi,2026-08-19 17:55:00,2026-08-19 17:00:00,Friday,cloudy,26.4,0.17,high,3,G/Y/R,road segment,4,6,2.0,1
2026-09-03,lagos-abeokuta expressway,abule egba-iyana ipaja,2026-08-19 19:51:00,2026-08-19 19:00:00,Monday,partly sunny,26.8,0.11,high,3,Y/R,road segment,0,5,2.0,1
2026-08-19,lagos-abeokuta expressway,abule egba-iyana ipaja,2026-08-19 13:37:00,2026-08-19 13:00:00,Sunday,partly sunny,26.9,0.07,medium,2,Y/R,mixed,6,5,1.0,3
2026-08-28,ikorodu road,unknown,2026-08-19 09:39:00,2026-08-19 09:00:00,Monday,partly sunny,28.0,0.15,high,3,G/Y/R,road segment,0,6,2.0,1
2026-09-01,third mainland bridge,oworonshole-adekunle,2026-08-19 12:26:00,2026-08-19 12:00:00,Tuesday,partly sunny,26.4,0.11,medium,2,G/Y/R,road segment,1,6,1.0,1
2026-08-09,lekki-epe expressway,lekkiphase1-ajah,2026-08-19 13:35:00,2026-08-19 13:00:00,Thursday,heavy rain,22.4,0.74,low,1,G/R,none evident,3,4,0.0,0
2026-08-27,lagos-badagry expressway,mile2-festac,2026-08-19 12:48:00,2026-08-19 12:00:00,Saturday,mostly cloudy,26.6,0.17,low,1,G/R,none evident,5,4,0.0,0
2026-08-17,lekki-epe expressway,lekkiphase1-ajah,2026-08-19 16:59:00,2026-08-19 16:00:00,Friday,heavy rain,22.2,0.61,medium,2,Y/R,road segment,4,5,1.0,1
2026-08-14,ikorodu road,unknown,2026-08-19 19:28:00,2026-08-19 19:00:00,Tuesday,cloudy,26.1,0.18,medium,2,G/Y/R,junction,1,6,1.0,2
2026-08-05,lagos-ibadan expressway,ojota-berger,2026-08-19 10:30:00,2026-08-19 10:00:00,Tuesday,cloudy,27.3,0.24,low,1,G/R,none evident,1,4,0.0,0
2026-09-03,third mainland bridge,oworonshole-adekunle,2026-08-19 20:50:00,2026-08-19 20:00:00,Tuesday,partly sunny,28.3,0.08,medium,2,Y,junction,1,1,1.0,2
2026-08-06,lekki-epe expressway,lekkiphase1-ajah,2026-08-19 13:37:00,2026-08-19 13:00:00,Monday,partly sunny,25.1,0.11,medium,2,Y,road segment,0,1,1.0,1
2026-08-02,apapa-oshodi expressway,mile2-oshodi,2026-08-19 16:03:00,2026-08-19 16:00:00,Sunday,partly sunny,26.5,0.09,medium,2,Y/R,mixed,6,5,1.0,3
2026-08-26,lagos-ibadan expressway,ojota-berger,2026-08-19 16:01:00,2026-08-19 16:00:00,Saturday,mostly cloudy,26.7,0.12,high,3,G/Y/R,road segment,5,6,2.0,1
2026-08-04,third mainland bridge,oworonshole-adekunle,2026-08-19 18:19:00,2026-08-19 18:00:00,Saturday,heavy rain,22.4,0.6,high,3,Y/R,mixed,5,5,2.0,3
2026-09-11,apapa-oshodi expressway,mile2-oshodi,2026-08-19 09:58:00,2026-08-19 09:00:00,Monday,mostly cloudy,25.0,0.11,high,3,G/Y/R,junction,0,6,2.0,2
2026-08-27,lagos-ibadan expressway,ojota-berger,2026-08-19 18:40:00,2026-08-19 18:00:00,Saturday,partly sunny,28.3,0.13,high,3,Y/R,junction,5,5,2.0,2
2026-09-02,funsho williams avenue,unknown,2026-08-19 20:38:00,2026-08-19 20:00:00,Tuesday,partly sunny,28.6,0.11,low,1,G,road segment,1,0,0.0,1
2026-08-12,funsho williams avenue,unknown,2026-08-19 21:32:00,2026-08-19 21:00:00,Saturday,mostly cloudy,26.4,0.13,low,1,G,none evident,5,0,0.0,0
2026-08-05,funsho williams avenue,unknown,2026-08-19 15:53:00,2026-08-19 15:00:00,Sunday,partly sunny,28.0,0.05,medium,2,G/Y,mixed,6,3,1.0,3
2026-08-30,third mainland bridge,oworonshole-adekunle,2026-08-19 19:40:00,2026-08-19 19:00:00,Thursday,cloudy,26.6,0.22,high,3,Y/R,mixed,3,5,2.0,3
2026-08-05,lagos-abeokuta expressway,abule egba-iyana ipaja,2026-08-19 20:34:00,2026-08-19 20:00:00,Monday,mostly cloudy,26.3,0.16,low,1,G/R,road segment,0,4,0.0,1
2026-08-28,lagos-badagry expressway,mile2-festac,2026-08-19 19:49:00,2026-08-19 19:00:00,Monday,heavy rain,22.3,0.72,high,3,R,junction,0,2,2.0,2
2026-08-05,apapa-oshodi expressway,mile2-oshodi,2026-08-19 17:14:00,2026-08-19 17:00:00,Friday,mostly cloudy,25.1,0.16,high,3,Y/R,junction,4,5,2.0,2
2026-08-04,ikorodu road,unknown,2026-08-19 13:31:00,2026-08-19 13:00:00,Saturday,light rain,24.8,0.36,low,1,G/Y,none evident,5,3,0.0,0
2026-08-14,lagos-badagry expressway,mile2-festac,2026-08-19 07:52:00,2026-08-19 07:00:00,Monday,heavy rain,23.1,0.6,high,3,G/Y/R,junction,0,6,2.0,2
2026-08-27,third mainland bridge,oworonshole-adekunle,2026-08-19 14:08:00,2026-08-19 14:00:00,Wednesday,partly sunny,26.7,0.06,low,1,G,road segment,2,0,0.0,1
2026-08-30,funsho williams avenue,unknown,2026-08-19 14:44:00,2026-08-19 14:00:00,Wednesday,heavy rain,24.0,0.79,medium,2,Y/R,junction,2,5,1.0,2
2026-08-31,third mainland bridge,oworonshole-adekunle,2026-08-19 10:33:00,2026-08-19 10:00:00,Wednesday,heavy rain,23.7,0.7,low,1,G/Y,road segment,2,3,0.0,1
2026-09-02,lagos-abeokuta expressway,abule egba-iyana ipaja,2026-08-19 12:43:00,2026-08-19 12:00:00,Monday,cloudy,26.0,0.16,medium,2,Y,junction,0,1,1.0,2
2026-08-05,lagos-ibadan expressway,ojota-berger,2026-08-19 20:30:00,2026-08-19 20:00:00,Tuesday,partly sunny,25.6,0.14,medium,2,Y/R,junction,1,5,1.0,2
2026-09-02,lagos-ibadan expressway,ojota-berger,2026-08-19 18:54:00,2026-08-19 18:00:00,Wednesday,mostly cloudy,24.8,0.17,high,3,R,mixed,2,2,2.0,3
2026-08-08,lagos-ibadan expressway,ojota-berger,2026-08-19 18:50:00,2026-08-19 18:00:00,Thursday,cloudy,27.5,0.11,high,3,Y/R,road segment,3,5,2.0,1
2026-09-07,lagos-badagry expressway,mile2-festac,2026-08-19 17:57:00,2026-08-19 17:00:00,Sunday,cloudy,27.8,0.18,high,3,Y/R,junction,6,5,2.0,2
2026-09-08,lagos-ibadan expressway,ojota-berger,2026-08-19 15:18:00,2026-08-19 15:00:00,Saturday,partly sunny,25.1,0.09,medium,2,G/Y/R,junction,5,6,1.0,2
2026-09-02,lekki-epe expressway,lekkiphase1-ajah,2026-08-19 07:33:00,2026-08-19 07:00:00,Friday,cloudy,28.0,0.11,high,3,Y/R,road segment,4,5,2.0,1
2026-08-28,ikorodu road,unknown,2026-08-19 11:44:00,2026-08-19 11:00:00,Saturday,partly sunny,27.9,0.12,low,1,G/Y,none evident,5,3,0.0,0
2026-08-09,third mainland bridge,oworonshole-adekunle,2026-08-19 16:25:00,2026-08-19 16:00:00,Monday,heavy rain,23.4,0.63,high,3,Y/R,junction,0,5,2.0,2
2026-08-24,apapa-oshodi expressway,mile2-oshodi,2026-08-19 21:36:00,2026-08-19 21:00:00,Monday,partly sunny,27.0,0.11,low,1,G,road segment,0,0,0.0,1
2026-09-06,ikorodu road,unknown,2026-08-19 15:19:00,2026-08-19 15:00:00,Saturday,cloudy,25.1,0.25,medium,2,G/Y/R,junction,5,6,1.0,2
2026-09-13,lekki-epe expressway,lekkiphase1-ajah,2026-08-19 21:48:00,2026-08-19 21:00:00,Sunday,cloudy,25.4,0.15,low,1,G,none evident,6,0,0.0,0
2026-08-10,lekki-epe expressway,lekkiphase1-ajah,2026-08-19 19:28:00,2026-08-19 19:00:00,Thursday,cloudy,26.3,0.14,high,3,G/Y/R,road segment,3,6,2.0,1
2026-08-02,ikorodu road,unknown,2026-08-19 17:08:00,2026-08-19 17:00:00,Thursday,heavy rain,22.2,0.72,high,3,Y/R,road segment,3,5,2.0,1
2026-08-09,lagos-abeokuta expressway,abule egba-iyana ipaja,2026-08-19 12:43:00,2026-08-19 12:00:00,Saturday,partly sunny,26.4,0.11,medium,2,Y,road segment,5,1,1.0,1
2026-09-02,ikorodu road,unknown,2026-08-19 21:00:00,2026-08-19 21:00:00,Wednesday,mostly cloudy,25.8,0.12,low,1,G/R,none evident,2,4,0.0,0
2026-08-12,apapa-oshodi expressway,mile2-oshodi,2026-08-19 07:27:00,2026-08-19 07:00:00,Wednesday,heavy rain,23.8,0.68,high,3,Y/R,junction,2,5,2.0,2
2026-08-07,lagos-abeokuta expressway,abule egba-iyana ipaja,2026-08-19 14:09:00,2026-08-19 14:00:00,Wednesday,cloudy,25.4,0.12,medium,2,Y,junction,2,1,1.0,2
2026-09-12,funsho williams avenue,unknown,2026-08-19 14:11:00,2026-08-19 14:00:00,Monday,partly sunny,25.5,0.15,low,1,G/R,road segment,0,4,0.0,1
2026-08-31,ikorodu road,unknown,2026-08-19 14:38:00,2026-08-19 14:00:00,Sunday,cloudy,26.8,0.22,low,1,G/R,road segment,6,4,0.0,1
2026-08-12,lagos-badagry expressway,mile2-festac,2026-08-19 12:31:00,2026-08-19 12:00:00,Sunday,cloudy,27.4,0.11,low,1,G/R,road segment,6,4,0.0,1
2026-09-06,third mainland bridge,oworonshole-adekunle,2026-08-19 19:39:00,2026-08-19 19:00:00,Sunday,partly sunny,25.6,0.12,medium,2,Y,road segment,6,1,1.0,1
2026-09-04,lagos-ibadan expressway,ojota-berger,2026-08-19 12:44:00,2026-08-19 12:00:00,Wednesday,cloudy,25.5,0.13,low,1,G,road segment,2,0,0.0,1
2026-08-16,lagos-badagry expressway,mile2-festac,2026-08-19 11:22:00,2026-08-19 11:00:00,Wednesday,cloudy,26.8,0.13,low,1,G/R,none evident,2,4,0.0,0
2026-08-31,lagos-badagry expressway,mile2-festac,2026-08-19 13:42:00,2026-08-19 13:00:00,Wednesday,cloudy,27.0,0.24,low,1,G,road segment,2,0,0.0,1
2026-08-18,lekki-epe expressway,lekkiphase1-ajah,2026-08-19 16:32:00,2026-08-19 16:00:00,Saturday,heavy rain,22.8,0.81,high,3,Y/R,road segment,5,5,2.0,1
2026-09-07,funsho williams avenue,unknown,2026-08-19 09:43:00,2026-08-19 09:00:00,Monday,heavy rain,22.2,0.83,high,3,Y/R,mixed,0,5,2.0,3
2026-08-24,ikorodu road,unknown,2026-08-19 14:27:00,2026-08-19 14:00:00,Sunday,light rain,24.1,0.34,medium,2,Y/R,junction,6,5,1.0,2
2026-08-03,lagos-badagry expressway,mile2-festac,2026-08-19 14:05:00,2026-08-19 14:00:00,Friday,partly sunny,28.0,0.15,low,1,G/Y,none evident,4,3,0.0,0
2026-08-28,third mainland bridge,oworonshole-adekunle,2026-08-19 11:01:00,2026-08-19 11:00:00,Monday,light rain,25.8,0.2,low,1,G/Y,road segment,0,3,0.0,1
2026-09-07,lekki-epe expressway,lekkiphase1-ajah,2026-08-19 14:05:00,2026-08-19 14:00:00,Saturday,mostly cloudy,26.7,0.14,low,1,G/Y,road segment,5,3,0.0,1
2026-09-01,funsho williams avenue,unknown,2026-08-19 09:32:00,2026-08-19 09:00:00,Thursday,partly sunny,26.6,0.07,high,3,Y/R,road segment,3,5,2.0,1
2026-08-18,lekki-epe expressway,lekkiphase1-ajah,2026-08-19 14:54:00,2026-08-19 14:00:00,Sunday,partly sunny,26.6,0.07,medium,2,G/Y,road segment,6,3,1.0,1
2026-09-02,lagos-badagry expressway,mile2-festac,2026-08-19 11:52:00,2026-08-19 11:00:00,Monday,heavy rain,22.5,0.68,low,1,G,road segment,0,0,0.0,1
2026-08-01,apapa-oshodi expressway,mile2-oshodi,2026-08-19 20:45:00,2026-08-19 20:00:00,Tuesday,cloudy,25.7,0.14,low,1,G,road segment,1,0,0.0,1
2026-08-10,lekki-epe expressway,lekkiphase1-ajah,2026-08-19 06:32:00,2026-08-19 06:00:00,Tuesday,cloudy,25.3,0.15,low,1,G/Y,none evident,1,3,0.0,0
2026-09-06,third mainland bridge,oworonshole-adekunle,2026-08-19 06:07:00,2026-08-19 06:00:00,Monday,partly sunny,26.9,0.14,low,1,G,none evident,0,0,0.0,0
2026-08-26,lagos-ibadan expressway,ojota-berger,2026-08-19 17:12:00,2026-08-19 17:00:00,Thursday,heavy rain,23.7,0.7,high,3,Y/R,road segment,3,5,2.0,1
2026-08-28,lagos-abeokuta expressway,abule egba-iyana ipaja,2026-08-19 06:16:00,2026-08-19 06:00:00,Friday,partly sunny,27.8,0.08,low,1,G/Y,none evident,4,3,0.0,0
2026-08-17,third mainland bridge,oworonshole-adekunle,2026-08-19 14:55:00,2026-08-19 14:00:00,Sunday,light rain,23.0,0.24,medium,2,Y/R,mixed,6,5,1.0,3
2026-08-11,lagos-badagry expressway,mile2-festac,2026-08-19 16:40:00,2026-08-19 16:00:00,Saturday,partly sunny,28.7,0.11,high,3,Y/R,road segment,5,5,2.0,1
2026-08-24,ikorodu road,unknown,2026-08-19 09:03:00,2026-08-19 09:00:00,Friday,cloudy,25.6,0.1,high,3,R,junction,4,2,2.0,2
2026-08-24,apapa-oshodi expressway,mile2-oshodi,2026-08-19 15:13:00,2026-08-19 15:00:00,Wednesday,cloudy,25.1,0.2,medium,2,G/Y,junction,2,3,1.0,2
2026-09-08,apapa-oshodi expressway,mile2-oshodi,2026-08-19 20:14:00,2026-08-19 20:00:00,Wednesday,heavy rain,24.5,0.53,medium,2,G/Y/R,road segment,2,6,1.0,1
2026-08-10,apapa-oshodi expressway,mile2-oshodi,2026-08-19 18:28:00,2026-08-19 18:00:00,Monday,light rain,23.7,0.25,high,3,R,junction,0,2,2.0,2
2026-08-17,funsho williams avenue,unknown,2026-08-19 14:56:00,2026-08-19 14:00:00,Tuesday,partly sunny,27.2,0.15,medium,2,Y/R,road segment,1,5,1.0,1
2026-08-29,lagos-badagry expressway,mile2-festac,2026-08-19 16:22:00,2026-08-19 16:00:00,Saturday,heavy rain,23.6,0.71,medium,2,G/Y/R,road segment,5,6,1.0,1
2026-09-02,funsho williams avenue,unknown,2026-08-19 13:00:00,2026-08-19 13:00:00,Wednesday,light rain,25.6,0.26,medium,2,Y/R,road segment,2,5,1.0,1
2026-09-09,apapa-oshodi expressway,mile2-oshodi,2026-08-19 08:43:00,2026-08-19 08:00:00,Thursday,mostly cloudy,24.0,0.11,high,3,R,road segment,3,2,2.0,1
2026-08-25,apapa-oshodi expressway,mile2-oshodi,2026-08-19 13:09:00,2026-08-19 13:00:00,Thursday,light rain,25.5,0.38,medium,2,Y,road segment,3,1,1.0,1
2026-09-06,lekki-epe expressway,lekkiphase1-ajah,2026-08-19 13:08:00,2026-08-19 13:00:00,Wednesday,mostly cloudy,25.3,0.15,low,1,G/R,none evident,2,4,0.0,0
2026-08-27,lagos-abeokuta expressway,abule egba-iyana ipaja,2026-08-19 12:27:00,2026-08-19 12:00:00,Monday,cloudy,26.8,0.23,medium,2,G/Y,mixed,0,3,1.0,3
2026-09-15,lekki-epe expressway,lekkiphase1-ajah,2026-08-19 18:33:00,2026-08-19 18:00:00,Tuesday,cloudy,27.8,0.22,high,3,G/Y/R,junction,1,6,2.0,2
2026-08-13,lagos-badagry expressway,mile2-festac,2026-08-19 20:53:00,2026-08-19 20:00:00,Saturday,mostly cloudy,26.5,0.16,low,1,G,road segment,5,0,0.0,1
2026-09-15,lekki-epe expressway,lekkiphase1-ajah,2026-08-19 07:10:00,2026-08-19 07:00:00,Tuesday,mostly cloudy,26.2,0.2,high,3,G/Y/R,mixed,1,6,2.0,3
2026-08-22,ikorodu road,unknown,2026-08-19 08:10:00,2026-08-19 08:00:00,Saturday,partly sunny,26.2,0.07,medium,2,Y,mixed,5,1,1.0,3
2026-09-07,lagos-badagry expressway,mile2-festac,2026-08-19 22:49:00,2026-08-19 22:00:00,Wednesday,partly sunny,26.1,0.1,low,1,G,none evident,2,0,0.0,0
2026-08-30,ikorodu road,unknown,2026-08-19 16:33:00,2026-08-19 16:00:00,Thursday,cloudy,25.2,0.24,high,3,G/Y/R,road segment,3,6,2.0,1
2026-08-19,lagos-badagry expressway,mile2-festac,2026-08-19 11:22:00,2026-08-19 11:00:00,Thursday,light rain,25.4,0.27,low,1,G,road segment,3,0,0.0,1
2026-08-23,funsho williams avenue,unknown,2026-08-19 16:58:00,2026-08-19 16:00:00,Friday,partly sunny,27.6,0.09,medium,2,Y/R,road segment,4,5,1.0,1
2026-08-27,lagos-abeokuta expressway,abule egba-iyana ipaja,2026-08-19 13:03:00,2026-08-19 13:00:00,Friday,partly sunny,27.3,0.13,low,1,G,none evident,4,0,0.0,0
2026-08-16,third mainland bridge,oworonshole-adekunle,2026-08-19 08:57:00,2026-08-19 08:00:00,Thursday,light rain,23.9,0.31,medium,2,Y,mixed,3,1,1.0,3
2026-08-20,ikorodu road,unknown,2026-08-19 13:57:00,2026-08-19 13:00:00,Saturday,heavy rain,22.1,0.68,medium,2,Y/R,mixed,5,5,1.0,3
2026-08-03,lagos-abeokuta expressway,abule egba-iyana ipaja,2026-08-19 18:07:00,2026-08-19 18:00:00,Sunday,mostly cloudy,26.8,0.16,high,3,R,road segment,6,2,2.0,1
2026-09-08,apapa-oshodi expressway,mile2-oshodi,2026-08-19 21:24:00,2026-08-19 21:00:00,Friday,mostly cloudy,26.2,0.2,low,1,G,road segment,4,0,0.0,1
2026-09-14,funsho williams avenue,unknown,2026-08-19 12:56:00,2026-08-19 12:00:00,Saturday,partly sunny,26.5,0.08,low,1,G,road segment,5,0,0.0,1
2026-08-20,lekki-epe expressway,lekkiphase1-ajah,2026-08-19 14:59:00,2026-08-19 14:00:00,Wednesday,cloudy,26.8,0.18,low,1,G/Y,none evident,2,3,0.0,0
2026-08-17,lagos-ibadan expressway,ojota-berger,2026-08-19 14:29:00,2026-08-19 14:00:00,Tuesday,mostly cloudy,24.9,0.16,medium,2,Y/R,junction,1,5,1.0,2
2026-08-02,funsho williams avenue,unknown,2026-08-19 16:48:00,2026-08-19 16:00:00,Sunday,partly sunny,26.2,0.1,high,3,G/Y/R,mixed,6,6,2.0,3
2026-08-16,lagos-abeokuta expressway,abule egba-iyana ipaja,2026-08-19 18:53:00,2026-08-19 18:00:00,Saturday,cloudy,27.9,0.2,high,3,G/Y/R,road segment,5,6,2.0,1
2026-08-14,lekki-epe expressway,lekkiphase1-ajah,2026-08-19 20:16:00,2026-08-19 20:00:00,Saturday,heavy rain,22.0,0.63,low,1,G,road segment,5,0,0.0,1
2026-08-14,ikorodu road,unknown,2026-08-19 19:41:00,2026-08-19 19:00:00,Friday,mostly cloudy,26.4,0.17,medium,2,Y/R,junction,4,5,1.0,2
2026-08-18,lekki-epe expressway,lekkiphase1-ajah,2026-08-19 17:53:00,2026-08-19 17:00:00,Sunday,cloudy,26.0,0.19,high,3,R,junction,6,2,2.0,2
2026-09-05,lagos-abeokuta expressway,abule egba-iyana ipaja,2026-08-19 20:19:00,2026-08-19 20:00:00,Saturday,mostly cloudy,25.1,0.1,medium,2,Y/R,road segment,5,5,1.0,1
2026-08-02,funsho williams avenue,unknown,2026-08-19 09:41:00,2026-08-19 09:00:00,Friday,mostly cloudy,25.2,0.19,high,3,R,road segment,4,2,2.0,1
2026-08-31,ikorodu road,unknown,2026-08-19 08:07:00,2026-08-19 08:00:00,Tuesday,mostly cloudy,25.3,0.13,high,3,G/Y/R,junction,1,6,2.0,2
2026-08-07,ikorodu road,unknown,2026-08-19 12:59:00,2026-08-19 12:00:00,Sunday,light rain,25.9,0.33,low,1,G,none evident,6,0,0.0,0
2026-09-08,lekki-epe expressway,lekkiphase1-ajah,2026-08-19 17:30:00,2026-08-19 17:00:00,Saturday,mostly cloudy,26.4,0.15,high,3,R,junction,5,2,2.0,2
2026-08-14,funsho williams avenue,unknown,2026-08-19 18:52:00,2026-08-19 18:00:00,Sunday,mostly cloudy,24.6,0.1,high,3,R,mixed,6,2,2.0,3
2026-08-09,lekki-epe expressway,lekkiphase1-ajah,2026-08-19 19:57:00,2026-08-19 19:00:00,Tuesday,light rain,25.5,0.3,high,3,R,mixed,1,2,2.0,3
2026-08-25,lagos-badagry expressway,mile2-festac,2026-08-19 20:32:00,2026-08-19 20:00:00,Sunday,mostly cloudy,26.1,0.17,medium,2,Y,mixed,6,1,1.0,3
2026-08-03,apapa-oshodi expressway,mile2-oshodi,2026-08-19 18:32:00,2026-08-19 18:00:00,Friday,mostly cloudy,24.6,0.1,high,3,R,road segment,4,2,2.0,1
2026-08-12,lagos-ibadan expressway,ojota-berger,2026-08-19 10:18:00,2026-08-19 10:00:00,Sunday,mostly cloudy,26.4,0.16,low,1,G/Y,none evident,6,3,0.0,0
2026-08-18,lekki-epe expressway,lekkiphase1-ajah,2026-08-19 18:32:00,2026-08-19 18:00:00,Sunday,light rain,24.8,0.21,high,3,R,road segment,6,2,2.0,1
2026-08-06,lagos-abeokuta expressway,abule egba-iyana ipaja,2026-08-19 16:03:00,2026-08-19 16:00:00,Sunday,heavy rain,23.7,0.69,high,3,R,mixed,6,2,2.0,3
2026-08-07,apapa-oshodi expressway,mile2-oshodi,2026-08-19 09:24:00,2026-08-19 09:00:00,Tuesday,mostly cloudy,24.7,0.2,medium,2,G/Y,junction,1,3,1.0,2
2026-08-02,lagos-badagry expressway,mile2-festac,2026-08-19 21:25:00,2026-08-19 21:00:00,Thursday,light rain,25.4,0.31,low,1,G/Y,road segment,3,3,0.0,1
2026-08-21,funsho williams avenue,unknown,2026-08-19 12:50:00,2026-08-19 12:00:00,Sunday,cloudy,27.2,0.11,medium,2,G/Y,mixed,6,3,1.0,3
2026-08-02,ikorodu road,unknown,2026-08-19 09:53:00,2026-08-19 09:00:00,Thursday,cloudy,25.0,0.24,high,3,Y/R,road segment,3,5,2.0,1
2026-09-15,ikorodu road,unknown,2026-08-19 21:11:00,2026-08-19 21:00:00,Wednesday,light rain,23.4,0.32,low,1,G/R,none evident,2,4,0.0,0
2026-08-26,third mainland bridge,oworonshole-adekunle,2026-08-19 08:50:00,2026-08-19 08:00:00,Tuesday,partly sunny,26.8,0.15,high,3,Y/R,road segment,1,5,2.0,1
2026-08-02,apapa-oshodi expressway,mile2-oshodi,2026-08-19 09:02:00,2026-08-19 09:00:00,Saturday,heavy rain,22.4,0.82,medium,2,G/Y/R,mixed,5,6,1.0,3
2026-09-08,lagos-badagry expressway,mile2-festac,2026-08-19 09:56:00,2026-08-19 09:00:00,Thursday,cloudy,25.1,0.18,high,3,G/Y/R,road segment,3,6,2.0,1
2026-08-25,third mainland bridge,oworonshole-adekunle,2026-08-19 18:14:00,2026-08-19 18:00:00,Saturday,partly sunny,27.3,0.1,high,3,R,junction,5,2,2.0,2
2026-09-06,ikorodu road,unknown,2026-08-19 13:16:00,2026-08-19 13:00:00,Tuesday,cloudy,26.5,0.11,medium,2,G/Y/R,mixed,1,6,1.0,3
2026-08-25,lagos-badagry expressway,mile2-festac,2026-08-19 22:29:00,2026-08-19 22:00:00,Saturday,heavy rain,23.0,0.82,low,1,G/Y,none evident,5,3,0.0,0
2026-08-14,third mainland bridge,oworonshole-adekunle,2026-08-19 09:22:00,2026-08-19 09:00:00,Thursday,mostly cloudy,25.5,0.18,high,3,G/Y/R,road segment,3,6,2.0,1
2026-08-26,lagos-ibadan expressway,ojota-berger,2026-08-19 20:53:00,2026-08-19 20:00:00,Saturday,partly sunny,27.6,0.08,medium,2,Y,junction,5,1,1.0,2
2026-08-14,lagos-badagry expressway,mile2-festac,2026-08-19 13:18:00,2026-08-19 13:00:00,Sunday,light rain,24.7,0.26,low,1,G/R,none evident,6,4,0.0,0
2026-09-13,funsho williams avenue,unknown,2026-08-19 12:48:00,2026-08-19 12:00:00,Tuesday,mostly cloudy,25.2,0.19,medium,2,G/Y,mixed,1,3,1.0,3
2026-08-07,apapa-oshodi expressway,mile2-oshodi,2026-08-19 14:36:00,2026-08-19 14:00:00,Thursday,heavy rain,22.2,0.85,medium,2,G/Y,junction,3,3,1.0,2
2026-09-15,lagos-abeokuta expressway,abule egba-iyana ipaja,2026-08-19 08:41:00,2026-08-19 08:00:00,Wednesday,light rain,23.4,0.29,medium,2,Y/R,mixed,2,5,1.0,3
2026-08-09,lagos-badagry expressway,mile2-festac,2026-08-19 09:16:00,2026-08-19 09:00:00,Saturday,partly sunny,25.3,0.09,medium,2,Y,junction,5,1,1.0,2
2026-08-01,lagos-abeokuta expressway,abule egba-iyana ipaja,2026-08-19 18:33:00,2026-08-19 18:00:00,Sunday,cloudy,25.2,0.24,high,3,G/Y/R,mixed,6,6,2.0,3
2026-09-10,ikorodu road,unknown,2026-08-19 19:00:00,2026-08-19 19:00:00,Sunday,heavy rain,23.3,0.7,medium,2,Y,mixed,6,1,1.0,3
2026-08-26,ikorodu road,unknown,2026-08-19 07:06:00,2026-08-19 07:00:00,Thursday,cloudy,25.8,0.13,high,3,Y/R,junction,3,5,2.0,2
2026-08-11,third mainland bridge,oworonshole-adekunle,2026-08-19 18:59:00,2026-08-19 18:00:00,Thursday,mostly cloudy,24.4,0.13,high,3,Y/R,mixed,3,5,2.0,3
2026-08-30,lagos-badagry expressway,mile2-festac,2026-08-19 09:06:00,2026-08-19 09:00:00,Friday,cloudy,25.6,0.22,high,3,R,road segment,4,2,2.0,1
2026-09-13,third mainland bridge,oworonshole-adekunle,2026-08-19 19:27:00,2026-08-19 19:00:00,Thursday,mostly cloudy,25.2,0.15,medium,2,Y/R,junction,3,5,1.0,2
2026-08-26,lagos-badagry expressway,mile2-festac,2026-08-19 22:36:00,2026-08-19 22:00:00,Sunday,light rain,25.1,0.3,low,1,G/Y,road segment,6,3,0.0,1
2026-08-28,lagos-ibadan expressway,ojota-berger,2026-08-19 22:25:00,2026-08-19 22:00:00,Tuesday,partly sunny,25.4,0.14,low,1,G/Y,road segment,1,3,0.0,1
2026-08-19,third mainland bridge,oworonshole-adekunle,2026-08-19 12:57:00,2026-08-19 12:00:00,Sunday,mostly cloudy,24.1,0.1,medium,2,Y,mixed,6,1,1.0,3
2026-08-21,funsho williams avenue,unknown,2026-08-19 13:04:00,2026-08-19 13:00:00,Friday,partly sunny,25.2,0.13,low,1,G/R,road segment,4,4,0.0,1
2026-08-01,apapa-oshodi expressway,mile2-oshodi,2026-08-19 08:52:00,2026-08-19 08:00:00,Sunday,partly sunny,26.4,0.13,medium,2,Y/R,mixed,6,5,1.0,3
2026-08-25,funsho williams avenue,unknown,2026-08-19 18:41:00,2026-08-19 18:00:00,Thursday,heavy rain,22.3,0.53,high,3,R,mixed,3,2,2.0,3
2026-08-21,funsho williams avenue,unknown,2026-08-19 20:08:00,2026-08-19 20:00:00,Wednesday,heavy rain,24.1,0.52,low,1,G/R,none evident,2,4,0.0,0
2026-09-08,lagos-ibadan expressway,ojota-berger,2026-08-19 20:38:00,2026-08-19 20:00:00,Tuesday,cloudy,26.3,0.16,low,1,G,none evident,1,0,0.0,0
2026-08-13,lagos-abeokuta expressway,abule egba-iyana ipaja,2026-08-19 18:38:00,2026-08-19 18:00:00,Wednesday,partly sunny,26.1,0.13,high,3,R,road segment,2,2,2.0,1
2026-09-03,lagos-ibadan expressway,ojota-berger,2026-08-19 17:51:00,2026-08-19 17:00:00,Saturday,heavy rain,23.9,0.58,high,3,G/Y/R,road segment,5,6,2.0,1
2026-08-28,lagos-ibadan expressway,ojota-berger,2026-08-19 16:37:00,2026-08-19 16:00:00,Monday,cloudy,26.0,0.23,medium,2,G/Y/R,junction,0,6,1.0,2
2026-08-17,lagos-badagry expressway,mile2-festac,2026-08-19 21:08:00,2026-08-19 21:00:00,Thursday,cloudy,25.1,0.2,low,1,G/Y,road segment,3,3,0.0,1
2026-09-14,lekki-epe expressway,lekkiphase1-ajah,2026-08-19 21:39:00,2026-08-19 21:00:00,Saturday,cloudy,27.7,0.22,low,1,G/Y,none evident,5,3,0.0,0
2026-09-14,lagos-abeokuta expressway,abule egba-iyana ipaja,2026-08-19 09:53:00,2026-08-19 09:00:00,Tuesday,partly sunny,25.0,0.13,medium,2,G/Y,junction,1,3,1.0,2
2026-09-12,lagos-badagry expressway,mile2-festac,2026-08-19 19:15:00,2026-08-19 19:00:00,Tuesday,partly sunny,26.1,0.08,medium,2,Y/R,mixed,1,5,1.0,3
2026-09-12,third mainland bridge,oworonshole-adekunle,2026-08-19 08:08:00,2026-08-19 08:00:00,Tuesday,heavy rain,22.1,0.53,high,3,Y/R,junction,1,5,2.0,2
2026-08-18,apapa-oshodi expressway,mile2-oshodi,2026-08-19 20:37:00,2026-08-19 20:00:00,Thursday,mostly cloudy,25.0,0.15,medium,2,Y/R,junction,3,5,1.0,2
2026-08-29,funsho williams avenue,unknown,2026-08-19 12:04:00,2026-08-19 12:00:00,Sunday,cloudy,26.9,0.23,low,1,G,road segment,6,0,0.0,1
2026-08-11,ikorodu road,unknown,2026-08-19 18:54:00,2026-08-19 18:00:00,Saturday,partly sunny,25.5,0.11,high,3,G/Y/R,road segment,5,6,2.0,1
2026-09-06,funsho williams avenue,unknown,2026-08-19 18:53:00,2026-08-19 18:00:00,Friday,cloudy,27.6,0.11,high,3,Y/R,road segment,4,5,2.0,1
2026-09-11,apapa-oshodi expressway,mile2-oshodi,2026-08-19 20:23:00,2026-08-19 20:00:00,Friday,cloudy,27.2,0.12,low,1,G,none evident,4,0,0.0,0
2026-08-03,lagos-abeokuta expressway,abule egba-iyana ipaja,2026-08-19 08:05:00,2026-08-19 08:00:00,Wednesday,heavy rain,23.9,0.84,high,3,R,junction,2,2,2.0,2
2026-08-09,lekki-epe expressway,lekkiphase1-ajah,2026-08-19 09:35:00,2026-08-19 09:00:00,Tuesday,mostly cloudy,24.4,0.15,high,3,G/Y/R,road segment,1,6,2.0,1
2026-09-07,lagos-abeokuta expressway,abule egba-iyana ipaja,2026-08-19 14:02:00,2026-08-19 14:00:00,Monday,heavy rain,22.5,0.64,medium,2,Y/R,junction,0,5,1.0,2
2026-08-30,lagos-badagry expressway,mile2-festac,2026-08-19 18:13:00,2026-08-19 18:00:00,Saturday,mostly cloudy,25.0,0.19,high,3,R,junction,5,2,2.0,2
2026-08-08,lekki-epe expressway,lekkiphase1-ajah,2026-08-19 16:29:00,2026-08-19 16:00:00,Wednesday,heavy rain,22.4,0.85,high,3,G/Y/R,mixed,2,6,2.0,3
2026-09-13,lagos-abeokuta expressway,abule egba-iyana ipaja,2026-08-19 13:24:00,2026-08-19 13:00:00,Sunday,heavy rain,24.1,0.69,medium,2,G/Y,road segment,6,3,1.0,1
2026-08-01,lagos-badagry expressway,mile2-festac,2026-08-19 18:34:00,2026-08-19 18:00:00,Friday,mostly cloudy,26.4,0.14,high,3,G/Y/R,road segment,4,6,2.0,1
2026-09-02,funsho williams avenue,unknown,2026-08-19 20:35:00,2026-08-19 20:00:00,Wednesday,light rain,25.4,0.34,medium,2,G/Y,road segment,2,3,1.0,1
2026-09-02,ikorodu road,unknown,2026-08-19 20:38:00,2026-08-19 20:00:00,Monday,heavy rain,23.8,0.76,medium,2,Y,mixed,0,1,1.0,3
2026-08-29,lagos-badagry expressway,mile2-festac,2026-08-19 16:29:00,2026-08-19 16:00:00,Saturday,light rain,24.7,0.34,high,3,Y/R,junction,5,5,2.0,2
2026-08-12,ikorodu road,unknown,2026-08-19 19:45:00,2026-08-19 19:00:00,Sunday,heavy rain,22.1,0.8,medium,2,G/Y,road segment,6,3,1.0,1
2026-08-26,lagos-abeokuta expressway,abule egba-iyana ipaja,2026-08-19 09:54:00,2026-08-19 09:00:00,Thursday,heavy rain,23.8,0.76,medium,2,Y,mixed,3,1,1.0,3
2026-08-28,lagos-abeokuta expressway,abule egba-iyana ipaja,2026-08-19 20:28:00,2026-08-19 20:00:00,Tuesday,heavy rain,23.0,0.54,medium,2,G/Y,road segment,1,3,1.0,1
2026-08-15,ikorodu road,unknown,2026-08-19 11:19:00,2026-08-19 11:00:00,Monday,light rain,24.1,0.23,low,1,G/R,road segment,0,4,0.0,1
2026-09-03,apapa-oshodi expressway,mile2-oshodi,2026-08-19 08:44:00,2026-08-19 08:00:00,Tuesday,cloudy,27.6,0.17,medium,2,Y/R,mixed,1,5,1.0,3
2026-09-10,lagos-ibadan expressway,ojota-berger,2026-08-19 21:31:00,2026-08-19 21:00:00,Monday,mostly cloudy,26.0,0.16,low,1,G/Y,road segment,0,3,0.0,1
2026-08-21,lagos-badagry expressway,mile2-festac,2026-08-19 08:43:00,2026-08-19 08:00:00,Monday,cloudy,25.1,0.17,medium,2,G/Y,junction,0,3,1.0,2
2026-09-09,apapa-oshodi expressway,mile2-oshodi,2026-08-19 10:46:00,2026-08-19 10:00:00,Tuesday,light rain,25.0,0.21,low,1,G/Y,road segment,1,3,0.0,1
2026-08-10,third mainland bridge,oworonshole-adekunle,2026-08-19 18:35:00,2026-08-19 18:00:00,Wednesday,mostly cloudy,25.3,0.11,high,3,R,junction,2,2,2.0,2
2026-09-10,third mainland bridge,oworonshole-adekunle,2026-08-19 08:24:00,2026-08-19 08:00:00,Monday,mostly cloudy,24.7,0.12,high,3,R,road segment,0,2,2.0,1
2026-08-04,lagos-ibadan expressway,ojota-berger,2026-08-19 15:07:00,2026-08-19 15:00:00,Wednesday,light rain,23.9,0.39,medium,2,G/Y/R,road segment,2,6,1.0,1
2026-09-14,ikorodu road,unknown,2026-08-19 18:51:00,2026-08-19 18:00:00,Saturday,cloudy,27.1,0.17,high,3,Y/R,junction,5,5,2.0,2
2026-09-12,lagos-badagry expressway,mile2-festac,2026-08-19 13:41:00,2026-08-19 13:00:00,Monday,cloudy,26.2,0.19,low,1,G/R,none evident,0,4,0.0,0
2026-09-06,lagos-badagry expressway,mile2-festac,2026-08-19 12:54:00,2026-08-19 12:00:00,Saturday,cloudy,26.7,0.16,medium,2,G/Y/R,mixed,5,6,1.0,3
2026-08-14,lagos-ibadan expressway,ojota-berger,2026-08-19 19:14:00,2026-08-19 19:00:00,Wednesday,heavy rain,24.1,0.52,medium,2,Y,junction,2,1,1.0,2
2026-09-04,lagos-ibadan expressway,ojota-berger,2026-08-19 18:14:00,2026-08-19 18:00:00,Monday,partly sunny,25.2,0.06,high,3,Y/R,road segment,0,5,2.0,1
2026-08-22,apapa-oshodi expressway,mile2-oshodi,2026-08-19 09:27:00,2026-08-19 09:00:00,Wednesday,light rain,24.1,0.23,medium,2,G/Y,junction,2,3,1.0,2
2026-09-06,apapa-oshodi expressway,mile2-oshodi,2026-08-19 19:44:00,2026-08-19 19:00:00,Tuesday,mostly cloudy,26.6,0.11,medium,2,G/Y,mixed,1,3,1.0,3
2026-08-03,lagos-badagry expressway,mile2-festac,2026-08-19 17:30:00,2026-08-19 17:00:00,Sunday,cloudy,26.5,0.15,high,3,R,junction,6,2,2.0,2
2026-09-08,apapa-oshodi expressway,mile2-oshodi,2026-08-19 19:38:00,2026-08-19 19:00:00,Monday,cloudy,27.1,0.14,high,3,R,mixed,0,2,2.0,3
2026-09-07,ikorodu road,unknown,2026-08-19 08:24:00,2026-08-19 08:00:00,Tuesday,cloudy,27.9,0.19,high,3,Y/R,junction,1,5,2.0,2
2026-09-06,third mainland bridge,oworonshole-adekunle,2026-08-19 20:11:00,2026-08-19 20:00:00,Saturday,partly sunny,25.8,0.14,medium,2,G/Y/R,mixed,5,6,1.0,3
2026-08-17,lagos-badagry expressway,mile2-festac,2026-08-19 12:52:00,2026-08-19 12:00:00,Friday,heavy rain,23.0,0.72,low,1,G/Y,none evident,4,3,0.0,0
2026-08-13,lekki-epe expressway,lekkiphase1-ajah,2026-08-19 07:18:00,2026-08-19 07:00:00,Wednesday,partly sunny,26.4,0.12,high,3,G/Y/R,mixed,2,6,2.0,3
2026-08-25,lagos-abeokuta expressway,abule egba-iyana ipaja,2026-08-19 15:21:00,2026-08-19 15:00:00,Thursday,mostly cloudy,24.9,0.17,medium,2,Y/R,mixed,3,5,1.0,3
2026-08-19,funsho williams avenue,unknown,2026-08-19 14:53:00,2026-08-19 14:00:00,Thursday,heavy rain,22.0,0.81,medium,2,G/Y,junction,3,3,1.0,2
2026-08-01,lagos-abeokuta expressway,abule egba-iyana ipaja,2026-08-19 12:43:00,2026-08-19 12:00:00,Monday,heavy rain,24.4,0.69,medium,2,G/Y/R,road segment,0,6,1.0,1
2026-09-03,lagos-abeokuta expressway,abule egba-iyana ipaja,2026-08-19 22:23:00,2026-08-19 22:00:00,Monday,light rain,23.6,0.21,low,1,G/Y,road segment,0,3,0.0,1
2026-08-28,lekki-epe expressway,lekkiphase1-ajah,2026-08-19 20:24:00,2026-08-19 20:00:00,Monday,cloudy,27.6,0.15,low,1,G/Y,none evident,0,3,0.0,0
2026-08-14,third mainland bridge,oworonshole-adekunle,2026-08-19 08:56:00,2026-08-19 08:00:00,Friday,light rain,24.5,0.34,high,3,R,mixed,4,2,2.0,3
2026-08-25,third mainland bridge,oworonshole-adekunle,2026-08-19 14:51:00,2026-08-19 14:00:00,Monday,heavy rain,22.1,0.67,low,1,G,none evident,0,0,0.0,0
2026-08-20,lagos-ibadan expressway,ojota-berger,2026-08-19 16:39:00,2026-08-19 16:00:00,Friday,mostly cloudy,24.7,0.14,high,3,Y/R,mixed,4,5,2.0,3
2026-08-16,apapa-oshodi expressway,mile2-oshodi,2026-08-19 06:12:00,2026-08-19 06:00:00,Thursday,cloudy,27.4,0.18,low,1,G,none evident,3,0,0.0,0
2026-08-31,lagos-ibadan expressway,ojota-berger,2026-08-19 17:08:00,2026-08-19 17:00:00,Sunday,partly sunny,27.9,0.12,high,3,R,mixed,6,2,2.0,3
2026-08-22,third mainland bridge,oworonshole-adekunle,2026-08-19 22:57:00,2026-08-19 22:00:00,Tuesday,partly sunny,27.8,0.11,low,1,G/Y,road segment,1,3,0.0,1
2026-08-14,ikorodu road,unknown,2026-08-19 16:24:00,2026-08-19 16:00:00,Monday,heavy rain,23.0,0.71,high,3,G/Y/R,mixed,0,6,2.0,3
2026-08-22,lagos-badagry expressway,mile2-festac,2026-08-19 16:48:00,2026-08-19 16:00:00,Saturday,heavy rain,23.6,0.65,high,3,G/Y/R,mixed,5,6,2.0,3
2026-09-11,lagos-badagry expressway,mile2-festac,2026-08-19 20:12:00,2026-08-19 20:00:00,Saturday,mostly cloudy,25.8,0.12,medium,2,Y,junction,5,1,1.0,2
2026-08-02,third mainland bridge,oworonshole-adekunle,2026-08-19 06:49:00,2026-08-19 06:00:00,Monday,light rain,25.7,0.2,low,1,G/Y,none evident,0,3,0.0,0
2026-08-24,ikorodu road,unknown,2026-08-19 22:16:00,2026-08-19 22:00:00,Tuesday,partly sunny,25.7,0.08,low,1,G,none evident,1,0,0.0,0
2026-09-03,lagos-abeokuta expressway,abule egba-iyana ipaja,2026-08-19 18:46:00,2026-08-19 18:00:00,Friday,light rain,25.9,0.28,high,3,G/Y/R,road segment,4,6,2.0,1
2026-08-06,funsho williams avenue,unknown,2026-08-19 16:43:00,2026-08-19 16:00:00,Saturday,cloudy,27.6,0.1,high,3,Y/R,junction,5,5,2.0,2
2026-09-15,lekki-epe expressway,lekkiphase1-ajah,2026-08-19 20:27:00,2026-08-19 20:00:00,Wednesday,heavy rain,22.3,0.68,low,1,G,none evident,2,0,0.0,0
2026-08-18,lekki-epe expressway,lekkiphase1-ajah,2026-08-19 14:18:00,2026-08-19 14:00:00,Thursday,cloudy,26.7,0.16,medium,2,G/Y,mixed,3,3,1.0,3
2026-08-17,lagos-abeokuta expressway,abule egba-iyana ipaja,2026-08-19 11:31:00,2026-08-19 11:00:00,Saturday,heavy rain,22.7,0.65,low,1,G/R,none evident,5,4,0.0,0
2026-09-11,funsho williams avenue,unknown,2026-08-19 19:27:00,2026-08-19 19:00:00,Tuesday,partly sunny,27.7,0.08,medium,2,Y,junction,1,1,1.0,2
2026-09-10,lagos-ibadan expressway,ojota-berger,2026-08-19 19:01:00,2026-08-19 19:00:00,Monday,partly sunny,28.0,0.06,high,3,Y/R,road segment,0,5,2.0,1
2026-09-09,ikorodu road,unknown,2026-08-19 17:43:00,2026-08-19 17:00:00,Saturday,cloudy,27.7,0.24,high,3,G/Y/R,road segment,5,6,2.0,1
2026-08-26,lagos-ibadan expressway,ojota-berger,2026-08-19 20:18:00,2026-08-19 20:00:00,Sunday,mostly cloudy,25.2,0.11,low,1,G/R,none evident,6,4,0.0,0
2026-09-07,lekki-epe expressway,lekkiphase1-ajah,2026-08-19 09:31:00,2026-08-19 09:00:00,Friday,partly sunny,26.5,0.13,medium,2,Y,junction,4,1,1.0,2
2026-08-07,ikorodu road,unknown,2026-08-19 08:35:00,2026-08-19 08:00:00,Monday,partly sunny,27.5,0.08,medium,2,Y,road segment,0,1,1.0,1
2026-09-06,funsho williams avenue,unknown,2026-08-19 12:29:00,2026-08-19 12:00:00,Saturday,light rain,23.7,0.33,low,1,G/R,none evident,5,4,0.0,0
2026-09-09,third mainland bridge,oworonshole-adekunle,2026-08-19 10:55:00,2026-08-19 10:00:00,Tuesday,light rain,24.9,0.28,low,1,G/Y,road segment,1,3,0.0,1
2026-09-09,funsho williams avenue,unknown,2026-08-19 16:53:00,2026-08-19 16:00:00,Saturday,cloudy,27.7,0.17,high,3,R,mixed,5,2,2.0,3
2026-08-13,ikorodu road,unknown,2026-08-19 19:44:00,2026-08-19 19:00:00,Monday,mostly cloudy,26.0,0.2,high,3,R,junction,0,2,2.0,2
2026-08-05,funsho williams avenue,unknown,2026-08-19 09:43:00,2026-08-19 09:00:00,Sunday,heavy rain,22.2,0.56,medium,2,Y,mixed,6,1,1.0,3
2026-08-30,third mainland bridge,oworonshole-adekunle,2026-08-19 14:49:00,2026-08-19 14:00:00,Sunday,partly sunny,27.4,0.12,medium,2,Y,mixed,6,1,1.0,3
2026-08-30,third mainland bridge,oworonshole-adekunle,2026-08-19 09:11:00,2026-08-19 09:00:00,Friday,cloudy,25.4,0.14,high,3,G/Y/R,junction,4,6,2.0,2
2026-08-14,lagos-badagry expressway,mile2-festac,2026-08-19 09:41:00,2026-08-19 09:00:00,Friday,mostly cloudy,26.2,0.14,high,3,Y/R,mixed,4,5,2.0,3
2026-08-02,lekki-epe expressway,lekkiphase1-ajah,2026-08-19 11:02:00,2026-08-19 11:00:00,Saturday,partly sunny,25.1,0.1,low,1,G/Y,none evident,5,3,0.0,0
2026-08-29,lagos-abeokuta expressway,abule egba-iyana ipaja,2026-08-19 08:25:00,2026-08-19 08:00:00,Monday,heavy rain,23.0,0.8,high,3,Y/R,road segment,0,5,2.0,1
2026-09-12,ikorodu road,unknown,2026-08-19 11:43:00,2026-08-19 11:00:00,Tuesday,cloudy,25.3,0.22,low,1,G/R,none evident,1,4,0.0,0
2026-08-03,apapa-oshodi expressway,mile2-oshodi,2026-08-19 09:46:00,2026-08-19 09:00:00,Tuesday,cloudy,25.2,0.23,medium,2,Y/R,road segment,1,5,1.0,1
2026-08-17,lagos-badagry expressway,mile2-festac,2026-08-19 08:44:00,2026-08-19 08:00:00,Thursday,heavy rain,23.5,0.58,high,3,R,junction,3,2,2.0,2
2026-08-09,apapa-oshodi expressway,mile2-oshodi,2026-08-19 21:10:00,2026-08-19 21:00:00,Wednesday,heavy rain,22.4,0.83,low,1,G,none evident,2,0,0.0,0
2026-09-08,lekki-epe expressway,lekkiphase1-ajah,2026-08-19 08:20:00,2026-08-19 08:00:00,Saturday,cloudy,27.4,0.14,medium,2,G/Y/R,road segment,5,6,1.0,1
2026-08-23,lagos-badagry expressway,mile2-festac,2026-08-19 07:34:00,2026-08-19 07:00:00,Wednesday,light rain,25.1,0.26,high,3,R,road segment,2,2,2.0,1
2026-08-05,lagos-abeokuta expressway,abule egba-iyana ipaja,2026-08-19 14:52:00,2026-08-19 14:00:00,Thursday,heavy rain,22.6,0.63,low,1,G/R,road segment,3,4,0.0,1
2026-09-09,lagos-badagry expressway,mile2-festac,2026-08-19 11:46:00,2026-08-19 11:00:00,Sunday,partly sunny,25.1,0.11,low,1,G/Y,road segment,6,3,0.0,1
2026-08-06,apapa-oshodi expressway,mile2-oshodi,2026-08-19 15:01:00,2026-08-19 15:00:00,Monday,heavy rain,24.0,0.77,medium,2,G/Y,junction,0,3,1.0,2
2026-08-01,apapa-oshodi expressway,mile2-oshodi,2026-08-19 20:10:00,2026-08-19 20:00:00,Wednesday,heavy rain,22.6,0.55,low,1,G,road segment,2,0,0.0,1
2026-08-27,lagos-badagry expressway,mile2-festac,2026-08-19 19:55:00,2026-08-19 19:00:00,Monday,partly sunny,27.2,0.13,medium,2,Y,mixed,0,1,1.0,3
2026-09-05,lagos-ibadan expressway,ojota-berger,2026-08-19 20:24:00,2026-08-19 20:00:00,Tuesday,partly sunny,27.1,0.1,low,1,G,road segment,1,0,0.0,1
2026-09-05,lagos-ibadan expressway,ojota-berger,2026-08-19 20:22:00,2026-08-19 20:00:00,Friday,light rain,25.7,0.25,low,1,G/R,road segment,4,4,0.0,1
2026-08-25,third mainland bridge,oworonshole-adekunle,2026-08-19 17:40:00,2026-08-19 17:00:00,Saturday,heavy rain,24.5,0.67,high,3,Y/R,road segment,5,5,2.0,1
2026-08-31,apapa-oshodi expressway,mile2-oshodi,2026-08-19 14:06:00,2026-08-19 14:00:00,Monday,heavy rain,24.2,0.84,medium,2,G/Y,mixed,0,3,1.0,3
2026-08-13,lekki-epe expressway,lekkiphase1-ajah,2026-08-19 06:13:00,2026-08-19 06:00:00,Tuesday,mostly cloudy,24.6,0.16,low,1,G/Y,road segment,1,3,0.0,1
2026-08-01,lagos-badagry expressway,mile2-festac,2026-08-19 19:57:00,2026-08-19 19:00:00,Friday,partly sunny,27.8,0.13,medium,2,G/Y/R,road segment,4,6,1.0,1
2026-09-12,lekki-epe expressway,lekkiphase1-ajah,2026-08-19 12:44:00,2026-08-19 12:00:00,Saturday,partly sunny,27.9,0.06,low,1,G/R,none evident,5,4,0.0,0
2026-08-02,lagos-badagry expressway,mile2-festac,2026-08-19 09:41:00,2026-08-19 09:00:00,Monday,mostly cloudy,25.6,0.19,medium,2,G/Y,junction,0,3,1.0,2
2026-09-04,lekki-epe expressway,lekkiphase1-ajah,2026-08-19 18:53:00,2026-08-19 18:00:00,Saturday,cloudy,27.7,0.21,high,3,G/Y/R,junction,5,6,2.0,2
2026-09-12,lekki-epe expressway,lekkiphase1-ajah,2026-08-19 16:49:00,2026-08-19 16:00:00,Saturday,cloudy,25.1,0.23,medium,2,Y,junction,5,1,1.0,2
2026-09-08,funsho williams avenue,unknown,2026-08-19 19:21:00,2026-08-19 19:00:00,Wednesday,mostly cloudy,26.0,0.18,medium,2,G/Y,mixed,2,3,1.0,3
2026-08-07,lagos-badagry expressway,mile2-festac,2026-08-19 15:02:00,2026-08-19 15:00:00,Monday,mostly cloudy,24.0,0.15,medium,2,Y,mixed,0,1,1.0,3
2026-09-06,lekki-epe expressway,lekkiphase1-ajah,2026-08-19 11:54:00,2026-08-19 11:00:00,Saturday,heavy rain,24.3,0.63,low,1,G/R,road segment,5,4,0.0,1
2026-08-29,third mainland bridge,oworonshole-adekunle,2026-08-19 14:59:00,2026-08-19 14:00:00,Friday,mostly cloudy,26.6,0.14,low,1,G,none evident,4,0,0.0,0
2026-09-13,lagos-abeokuta expressway,abule egba-iyana ipaja,2026-08-19 10:44:00,2026-08-19 10:00:00,Thursday,partly sunny,27.2,0.14,low,1,G,none evident,3,0,0.0,0
2026-09-09,third mainland bridge,oworonshole-adekunle,2026-08-19 16:13:00,2026-08-19 16:00:00,Tuesday,mostly cloudy,25.0,0.12,medium,2,G/Y,junction,1,3,1.0,2
2026-08-14,lagos-badagry expressway,mile2-festac,2026-08-19 19:34:00,2026-08-19 19:00:00,Thursday,light rain,23.4,0.37,medium,2,G/Y/R,mixed,3,6,1.0,3
2026-08-30,lagos-ibadan expressway,ojota-berger,2026-08-19 18:04:00,2026-08-19 18:00:00,Wednesday,cloudy,27.7,0.14,high,3,R,mixed,2,2,2.0,3
2026-09-12,lagos-abeokuta expressway,abule egba-iyana ipaja,2026-08-19 06:06:00,2026-08-19 06:00:00,Sunday,partly sunny,26.5,0.07,low,1,G/R,none evident,6,4,0.0,0
2026-09-09,lekki-epe expressway,lekkiphase1-ajah,2026-08-19 18:12:00,2026-08-19 18:00:00,Saturday,mostly cloudy,25.2,0.2,high,3,G/Y/R,junction,5,6,2.0,2
2026-08-22,lagos-badagry expressway,mile2-festac,2026-08-19 12:19:00,2026-08-19 12:00:00,Monday,heavy rain,24.1,0.64,low,1,G/Y,none evident,0,3,0.0,0
2026-09-03,ikorodu road,unknown,2026-08-19 19:12:00,2026-08-19 19:00:00,Tuesday,partly sunny,26.0,0.08,medium,2,G/Y/R,mixed,1,6,1.0,3
2026-08-09,funsho williams avenue,unknown,2026-08-19 09:23:00,2026-08-19 09:00:00,Saturday,mostly cloudy,26.8,0.12,medium,2,G/Y/R,road segment,5,6,1.0,1
2026-08-27,lekki-epe expressway,lekkiphase1-ajah,2026-08-19 17:31:00,2026-08-19 17:00:00,Tuesday,heavy rain,24.4,0.82,high,3,Y/R,mixed,1,5,2.0,3
2026-08-23,funsho williams avenue,unknown,2026-08-19 16:29:00,2026-08-19 16:00:00,Saturday,light rain,23.3,0.31,high,3,G/Y/R,junction,5,6,2.0,2
2026-08-14,lagos-ibadan expressway,ojota-berger,2026-08-19 19:44:00,2026-08-19 19:00:00,Thursday,mostly cloudy,25.5,0.12,high,3,R,junction,3,2,2.0,2
2026-08-09,apapa-oshodi expressway,mile2-oshodi,2026-08-19 10:23:00,2026-08-19 10:00:00,Friday,light rain,23.3,0.3,low,1,G,none evident,4,0,0.0,0
2026-08-02,lagos-badagry expressway,mile2-festac,2026-08-19 12:01:00,2026-08-19 12:00:00,Sunday,mostly cloudy,24.5,0.14,low,1,G/Y,none evident,6,3,0.0,0
2026-09-11,lagos-abeokuta expressway,abule egba-iyana ipaja,2026-08-19 18:37:00,2026-08-19 18:00:00,Thursday,mostly cloudy,26.1,0.11,high,3,Y/R,road segment,3,5,2.0,1
2026-08-30,lekki-epe expressway,lekkiphase1-ajah,2026-08-19 20:41:00,2026-08-19 20:00:00,Saturday,heavy rain,23.4,0.76,medium,2,G/Y,road segment,5,3,1.0,1
2026-08-22,lagos-ibadan expressway,ojota-berger,2026-08-19 22:28:00,2026-08-19 22:00:00,Tuesday,light rain,25.1,0.28,low,1,G/Y,road segment,1,3,0.0,1
2026-08-28,ikorodu road,unknown,2026-08-19 14:05:00,2026-08-19 14:00:00,Friday,partly sunny,27.3,0.08,low,1,G,none evident,4,0,0.0,0
2026-08-01,lagos-ibadan expressway,ojota-berger,2026-08-19 07:04:00,2026-08-19 07:00:00,Monday,partly sunny,27.9,0.12,high,3,Y/R,road segment,0,5,2.0,1
2026-08-25,ikorodu road,unknown,2026-08-19 08:44:00,2026-08-19 08:00:00,Wednesday,heavy rain,22.8,0.67,medium,2,Y/R,junction,2,5,1.0,2
2026-09-02,lekki-epe expressway,lekkiphase1-ajah,2026-08-19 20:30:00,2026-08-19 20:00:00,Friday,partly sunny,25.7,0.09,medium,2,Y/R,road segment,4,5,1.0,1
2026-08-22,lekki-epe expressway,lekkiphase1-ajah,2026-08-19 18:19:00,2026-08-19 18:00:00,Friday,cloudy,25.3,0.18,high,3,R,road segment,4,2,2.0,1
2026-09-06,third mainland bridge,oworonshole-adekunle,2026-08-19 22:11:00,2026-08-19 22:00:00,Friday,light rain,24.2,0.23,low,1,G/R,none evident,4,4,0.0,0
2026-08-30,lagos-badagry expressway,mile2-festac,2026-08-19 17:40:00,2026-08-19 17:00:00,Monday,light rain,25.9,0.25,high,3,Y/R,road segment,0,5,2.0,1
2026-09-02,third mainland bridge,oworonshole-adekunle,2026-08-19 20:50:00,2026-08-19 20:00:00,Thursday,light rain,24.9,0.28,low,1,G/Y,none evident,3,3,0.0,0
2026-08-04,lagos-abeokuta expressway,abule egba-iyana ipaja,2026-08-19 20:45:00,2026-08-19 20:00:00,Monday,partly sunny,29.0,0.13,low,1,G/Y,road segment,0,3,0.0,1
2026-08-14,funsho williams avenue,unknown,2026-08-19 08:00:00,2026-08-19 08:00:00,Wednesday,mostly cloudy,24.4,0.15,high,3,R,road segment,2,2,2.0,1
2026-09-09,lagos-badagry expressway,mile2-festac,2026-08-19 17:20:00,2026-08-19 17:00:00,Tuesday,mostly cloudy,25.6,0.14,high,3,R,road segment,1,2,2.0,1
2026-09-02,lagos-badagry expressway,mile2-festac,2026-08-19 08:19:00,2026-08-19 08:00:00,Tuesday,cloudy,25.1,0.18,high,3,R,junction,1,2,2.0,2
2026-09-01,apapa-oshodi expressway,mile2-oshodi,2026-08-19 17:56:00,2026-08-19 17:00:00,Tuesday,mostly cloudy,25.4,0.19,high,3,G/Y/R,mixed,1,6,2.0,3
2026-08-13,lekki-epe expressway,lekkiphase1-ajah,2026-08-19 20:46:00,2026-08-19 20:00:00,Wednesday,partly sunny,26.2,0.09,medium,2,G/Y,road segment,2,3,1.0,1
2026-09-07,lekki-epe expressway,lekkiphase1-ajah,2026-08-19 10:04:00,2026-08-19 10:00:00,Wednesday,mostly cloudy,24.3,0.19,low,1,G,none evident,2,0,0.0,0
2026-08-12,lagos-badagry expressway,mile2-festac,2026-08-19 20:45:00,2026-08-19 20:00:00,Monday,mostly cloudy,25.8,0.19,medium,2,Y/R,road segment,0,5,1.0,1
2026-09-03,lagos-abeokuta expressway,abule egba-iyana ipaja,2026-08-19 15:04:00,2026-08-19 15:00:00,Wednesday,heavy rain,23.1,0.55,medium,2,Y/R,mixed,2,5,1.0,3
2026-08-30,apapa-oshodi expressway,mile2-oshodi,2026-08-19 21:30:00,2026-08-19 21:00:00,Thursday,cloudy,27.9,0.17,low,1,G/Y,road segment,3,3,0.0,1
2026-08-09,lekki-epe expressway,lekkiphase1-ajah,2026-08-19 13:30:00,2026-08-19 13:00:00,Thursday,mostly cloudy,26.5,0.17,low,1,G/R,road segment,3,4,0.0,1
2026-08-06,third mainland bridge,oworonshole-adekunle,2026-08-19 18:58:00,2026-08-19 18:00:00,Sunday,cloudy,26.4,0.13,high,3,G/Y/R,mixed,6,6,2.0,3
2026-08-18,funsho williams avenue,unknown,2026-08-19 17:15:00,2026-08-19 17:00:00,Thursday,light rain,24.8,0.22,high,3,R,mixed,3,2,2.0,3
2026-09-11,funsho williams avenue,unknown,2026-08-19 22:52:00,2026-08-19 22:00:00,Sunday,mostly cloudy,26.0,0.11,low,1,G/Y,none evident,6,3,0.0,0
2026-08-01,ikorodu road,unknown,2026-08-19 09:53:00,2026-08-19 09:00:00,Sunday,mostly cloudy,25.5,0.14,medium,2,Y,mixed,6,1,1.0,3
2026-08-06,lagos-badagry expressway,mile2-festac,2026-08-19 07:49:00,2026-08-19 07:00:00,Thursday,light rain,24.3,0.34,high,3,R,mixed,3,2,2.0,3
2026-08-18,lagos-badagry expressway,mile2-festac,2026-08-19 15:59:00,2026-08-19 15:00:00,Tuesday,light rain,25.4,0.24,medium,2,G/Y/R,mixed,1,6,1.0,3
2026-08-18,lagos-ibadan expressway,ojota-berger,2026-08-19 20:14:00,2026-08-19 20:00:00,Sunday,mostly cloudy,25.6,0.12,medium,2,G/Y/R,junction,6,6,1.0,2
2026-08-25,lagos-badagry expressway,mile2-festac,2026-08-19 06:19:00,2026-08-19 06:00:00,Monday,cloudy,27.9,0.16,low,1,G/Y,none evident,0,3,0.0,0
2026-08-24,lagos-badagry expressway,mile2-festac,2026-08-19 20:32:00,2026-08-19 20:00:00,Thursday,partly sunny,26.9,0.14,low,1,G,road segment,3,0,0.0,1
2026-08-18,lekki-epe expressway,lekkiphase1-ajah,2026-08-19 17:06:00,2026-08-19 17:00:00,Saturday,mostly cloudy,24.5,0.12,high,3,Y/R,junction,5,5,2.0,2
2026-09-13,apapa-oshodi expressway,mile2-oshodi,2026-08-19 20:46:00,2026-08-19 20:00:00,Wednesday,light rain,24.6,0.29,medium,2,Y,road segment,2,1,1.0,1
2026-08-24,lagos-badagry expressway,mile2-festac,2026-08-19 13:40:00,2026-08-19 13:00:00,Friday,cloudy,25.5,0.19,low,1,G/Y,none evident,4,3,0.0,0
2026-08-22,third mainland bridge,oworonshole-adekunle,2026-08-19 17:40:00,2026-08-19 17:00:00,Sunday,mostly cloudy,27.0,0.12,high,3,R,junction,6,2,2.0,2
2026-08-25,lagos-abeokuta expressway,abule egba-iyana ipaja,2026-08-19 18:00:00,2026-08-19 18:00:00,Friday,partly sunny,25.4,0.08,high,3,G/Y/R,mixed,4,6,2.0,3
2026-08-10,lagos-badagry expressway,mile2-festac,2026-08-19 08:11:00,2026-08-19 08:00:00,Tuesday,light rain,24.9,0.25,medium,2,G/Y/R,road segment,1,6,1.0,1
2026-08-20,apapa-oshodi expressway,mile2-oshodi,2026-08-19 10:55:00,2026-08-19 10:00:00,Sunday,cloudy,26.3,0.18,low,1,G/R,none evident,6,4,0.0,0
2026-08-13,lekki-epe expressway,lekkiphase1-ajah,2026-08-19 14:35:00,2026-08-19 14:00:00,Sunday,partly sunny,28.9,0.07,medium,2,G/Y/R,mixed,6,6,1.0,3
2026-08-02,funsho williams avenue,unknown,2026-08-19 12:43:00,2026-08-19 12:00:00,Friday,partly sunny,26.6,0.07,low,1,G/R,road segment,4,4,0.0,1
2026-08-11,apapa-oshodi expressway,mile2-oshodi,2026-08-19 14:20:00,2026-08-19 14:00:00,Sunday,heavy rain,24.0,0.7,low,1,G,none evident,6,0,0.0,0
2026-09-12,lagos-ibadan expressway,ojota-berger,2026-08-19 13:05:00,2026-08-19 13:00:00,Sunday,cloudy,26.9,0.19,medium,2,G/Y,road segment,6,3,1.0,1
2026-08-25,apapa-oshodi expressway,mile2-oshodi,2026-08-19 18:18:00,2026-08-19 18:00:00,Sunday,cloudy,26.6,0.22,high,3,G/Y/R,road segment,6,6,2.0,1
2026-09-11,funsho williams avenue,unknown,2026-08-19 11:00:00,2026-08-19 11:00:00,Friday,cloudy,27.6,0.2,low,1,G,road segment,4,0,0.0,1
2026-08-24,lekki-epe expressway,lekkiphase1-ajah,2026-08-19 06:54:00,2026-08-19 06:00:00,Wednesday,partly sunny,26.3,0.14,low,1,G/Y,none evident,2,3,0.0,0
2026-08-29,funsho williams avenue,unknown,2026-08-19 20:54:00,2026-08-19 20:00:00,Saturday,mostly cloudy,24.4,0.15,low,1,G/R,road segment,5,4,0.0,1
2026-08-22,lagos-abeokuta expressway,abule egba-iyana ipaja,2026-08-19 09:21:00,2026-08-19 09:00:00,Sunday,heavy rain,22.4,0.82,medium,2,Y/R,junction,6,5,1.0,2
2026-08-01,apapa-oshodi expressway,mile2-oshodi,2026-08-19 06:05:00,2026-08-19 06:00:00,Monday,mostly cloudy,25.9,0.2,low,1,G/Y,none evident,0,3,0.0,0
2026-08-21,apapa-oshodi expressway,mile2-oshodi,2026-08-19 16:44:00,2026-08-19 16:00:00,Tuesday,partly sunny,28.1,0.15,high,3,Y/R,mixed,1,5,2.0,3
2026-08-06,apapa-oshodi expressway,mile2-oshodi,2026-08-19 16:50:00,2026-08-19 16:00:00,Wednesday,partly sunny,26.1,0.1,high,3,Y/R,road segment,2,5,2.0,1
2026-09-15,lagos-badagry expressway,mile2-festac,2026-08-19 09:08:00,2026-08-19 09:00:00,Friday,cloudy,26.7,0.23,medium,2,Y,road segment,4,1,1.0,1
2026-09-14,lagos-abeokuta expressway,abule egba-iyana ipaja,2026-08-19 20:52:00,2026-08-19 20:00:00,Tuesday,mostly cloudy,25.8,0.17,low,1,G/R,none evident,1,4,0.0,0
2026-09-02,lagos-abeokuta expressway,abule egba-iyana ipaja,2026-08-19 22:46:00,2026-08-19 22:00:00,Thursday,heavy rain,22.9,0.61,low,1,G/Y,none evident,3,3,0.0,0
2026-08-24,apapa-oshodi expressway,mile2-oshodi,2026-08-19 12:39:00,2026-08-19 12:00:00,Thursday,mostly cloudy,25.6,0.15,medium,2,G/Y,mixed,3,3,1.0,3
2026-09-06,funsho williams avenue,unknown,2026-08-19 18:00:00,2026-08-19 18:00:00,Tuesday,partly sunny,26.8,0.1,high,3,G/Y/R,mixed,1,6,2.0,3
2026-08-30,third mainland bridge,oworonshole-adekunle,2026-08-19 08:48:00,2026-08-19 08:00:00,Tuesday,partly sunny,27.6,0.15,medium,2,G/Y,road segment,1,3,1.0,1
2026-08-07,lagos-abeokuta expressway,abule egba-iyana ipaja,2026-08-19 16:26:00,2026-08-19 16:00:00,Sunday,mostly cloudy,26.3,0.12,medium,2,Y/R,road segment,6,5,1.0,1
2026-08-29,lagos-abeokuta expressway,abule egba-iyana ipaja,2026-08-19 08:52:00,2026-08-19 08:00:00,Thursday,light rain,25.1,0.25,high,3,Y/R,mixed,3,5,2.0,3
2026-08-03,lagos-badagry expressway,mile2-festac,2026-08-19 22:22:00,2026-08-19 22:00:00,Tuesday,partly sunny,27.5,0.06,low,1,G,none evident,1,0,0.0,0
2026-08-26,apapa-oshodi expressway,mile2-oshodi,2026-08-19 08:59:00,2026-08-19 08:00:00,Friday,mostly cloudy,26.4,0.18,high,3,Y/R,junction,4,5,2.0,2
2026-09-08,funsho williams avenue,unknown,2026-08-19 08:54:00,2026-08-19 08:00:00,Thursday,mostly cloudy,26.7,0.12,medium,2,Y/R,junction,3,5,1.0,2
2026-08-09,lagos-ibadan expressway,ojota-berger,2026-08-19 13:59:00,2026-08-19 13:00:00,Tuesday,heavy rain,22.1,0.69,medium,2,G/Y/R,road segment,1,6,1.0,1
2026-09-15,funsho williams avenue,unknown,2026-08-19 11:46:00,2026-08-19 11:00:00,Sunday,partly sunny,25.3,0.09,low,1,G/Y,none evident,6,3,0.0,0
2026-09-10,lagos-ibadan expressway,ojota-berger,2026-08-19 08:51:00,2026-08-19 08:00:00,Sunday,cloudy,25.5,0.17,medium,2,G/Y,mixed,6,3,1.0,3
2026-08-08,funsho williams avenue,unknown,2026-08-19 08:06:00,2026-08-19 08:00:00,Friday,cloudy,27.5,0.18,high,3,R,road segment,4,2,2.0,1
2026-08-17,apapa-oshodi expressway,mile2-oshodi,2026-08-19 10:21:00,2026-08-19 10:00:00,Sunday,cloudy,28.0,0.2,low,1,G/R,none evident,6,4,0.0,0
2026-08-22,ikorodu road,unknown,2026-08-19 11:05:00,2026-08-19 11:00:00,Tuesday,cloudy,27.1,0.2,low,1,G/Y,road segment,1,3,0.0,1
2026-08-17,funsho williams avenue,unknown,2026-08-19 13:51:00,2026-08-19 13:00:00,Wednesday,light rain,24.3,0.21,medium,2,G/Y,mixed,2,3,1.0,3
2026-08-11,apapa-oshodi expressway,mile2-oshodi,2026-08-19 16:59:00,2026-08-19 16:00:00,Saturday,cloudy,27.4,0.11,high,3,R,mixed,5,2,2.0,3
2026-08-12,ikorodu road,unknown,2026-08-19 20:04:00,2026-08-19 20:00:00,Saturday,mostly cloudy,25.7,0.2,low,1,G/R,none evident,5,4,0.0,0
2026-08-19,lagos-abeokuta expressway,abule egba-iyana ipaja,2026-08-19 16:02:00,2026-08-19 16:00:00,Saturday,cloudy,27.3,0.24,medium,2,G/Y,road segment,5,3,1.0,1
2026-08-25,third mainland bridge,oworonshole-adekunle,2026-08-19 06:56:00,2026-08-19 06:00:00,Saturday,mostly cloudy,26.2,0.15,low,1,G/Y,road segment,5,3,0.0,1
2026-08-10,lagos-abeokuta expressway,abule egba-iyana ipaja,2026-08-19 17:12:00,2026-08-19 17:00:00,Sunday,heavy rain,23.7,0.54,high,3,G/Y/R,junction,6,6,2.0,2
2026-08-30,lekki-epe expressway,lekkiphase1-ajah,2026-08-19 13:28:00,2026-08-19 13:00:00,Saturday,light rain,25.5,0.28,low,1,G,none evident,5,0,0.0,0
2026-08-09,lagos-abeokuta expressway,abule egba-iyana ipaja,2026-08-19 19:37:00,2026-08-19 19:00:00,Sunday,mostly cloudy,24.9,0.14,medium,2,G/Y,junction,6,3,1.0,2
2026-08-02,apapa-oshodi expressway,mile2-oshodi,2026-08-19 18:49:00,2026-08-19 18:00:00,Friday,partly sunny,27.0,0.09,high,3,R,mixed,4,2,2.0,3
2026-09-13,lekki-epe expressway,lekkiphase1-ajah,2026-08-19 13:16:00,2026-08-19 13:00:00,Sunday,heavy rain,23.1,0.8,low,1,G/Y,road segment,6,3,0.0,1
2026-08-30,ikorodu road,unknown,2026-08-19 21:44:00,2026-08-19 21:00:00,Thursday,partly sunny,27.8,0.15,low,1,G/R,road segment,3,4,0.0,1
2026-09-07,ikorodu road,unknown,2026-08-19 10:08:00,2026-08-19 10:00:00,Tuesday,cloudy,26.6,0.22,low,1,G/Y,none evident,1,3,0.0,0
2026-08-02,lagos-badagry expressway,mile2-festac,2026-08-19 08:45:00,2026-08-19 08:00:00,Thursday,partly sunny,29.0,0.14,medium,2,Y,road segment,3,1,1.0,1
2026-09-11,funsho williams avenue,unknown,2026-08-19 19:18:00,2026-08-19 19:00:00,Friday,mostly cloudy,25.8,0.19,medium,2,G/Y,junction,4,3,1.0,2
2026-09-01,third mainland bridge,oworonshole-adekunle,2026-08-19 17:28:00,2026-08-19 17:00:00,Saturday,heavy rain,24.0,0.52,high,3,R,road segment,5,2,2.0,1
2026-08-14,lagos-badagry expressway,mile2-festac,2026-08-19 22:50:00,2026-08-19 22:00:00,Friday,light rain,24.4,0.31,low,1,G,none evident,4,0,0.0,0
2026-08-24,funsho williams avenue,unknown,2026-08-19 14:22:00,2026-08-19 14:00:00,Saturday,mostly cloudy,25.1,0.18,medium,2,Y/R,road segment,5,5,1.0,1
2026-08-24,lagos-abeokuta expressway,abule egba-iyana ipaja,2026-08-19 16:51:00,2026-08-19 16:00:00,Wednesday,light rain,24.7,0.22,medium,2,Y/R,mixed,2,5,1.0,3
2026-08-30,funsho williams avenue,unknown,2026-08-19 15:36:00,2026-08-19 15:00:00,Thursday,light rain,23.5,0.38,medium,2,Y,mixed,3,1,1.0,3
2026-08-29,lagos-ibadan expressway,ojota-berger,2026-08-19 10:14:00,2026-08-19 10:00:00,Saturday,cloudy,28.0,0.17,low,1,G/R,road segment,5,4,0.0,1
2026-09-06,third mainland bridge,oworonshole-adekunle,2026-08-19 06:19:00,2026-08-19 06:00:00,Wednesday,heavy rain,22.4,0.55,low,1,G,road segment,2,0,0.0,1
2026-08-04,lagos-abeokuta expressway,abule egba-iyana ipaja,2026-08-19 17:39:00,2026-08-19 17:00:00,Friday,light rain,25.3,0.27,high,3,R,junction,4,2,2.0,2
2026-08-20,lagos-badagry expressway,mile2-festac,2026-08-19 10:23:00,2026-08-19 10:00:00,Saturday,mostly cloudy,26.7,0.18,low,1,G/R,road segment,5,4,0.0,1
2026-08-13,lagos-ibadan expressway,ojota-berger,2026-08-19 22:35:00,2026-08-19 22:00:00,Thursday,cloudy,25.3,0.1,low,1,G/Y,road segment,3,3,0.0,1
2026-09-03,lagos-ibadan expressway,ojota-berger,2026-08-19 15:02:00,2026-08-19 15:00:00,Tuesday,light rain,25.5,0.39,medium,2,Y,road segment,1,1,1.0,1
2026-08-13,lagos-abeokuta expressway,abule egba-iyana ipaja,2026-08-19 07:02:00,2026-08-19 07:00:00,Monday,mostly cloudy,24.3,0.12,high,3,G/Y/R,road segment,0,6,2.0,1
2026-08-11,ikorodu road,unknown,2026-08-19 19:37:00,2026-08-19 19:00:00,Thursday,partly sunny,26.2,0.08,high,3,R,junction,3,2,2.0,2
2026-09-06,lagos-abeokuta expressway,abule egba-iyana ipaja,2026-08-19 08:54:00,2026-08-19 08:00:00,Wednesday,light rain,23.4,0.29,high,3,Y/R,junction,2,5,2.0,2
2026-08-22,third mainland bridge,oworonshole-adekunle,2026-08-19 16:33:00,2026-08-19 16:00:00,Thursday,cloudy,27.3,0.1,high,3,G/Y/R,junction,3,6,2.0,2
2026-08-21,third mainland bridge,oworonshole-adekunle,2026-08-19 06:24:00,2026-08-19 06:00:00,Tuesday,light rain,23.0,0.38,low,1,G/R,road segment,1,4,0.0,1
2026-09-08,ikorodu road,unknown,2026-08-19 07:36:00,2026-08-19 07:00:00,Tuesday,mostly cloudy,25.2,0.16,high,3,Y/R,junction,1,5,2.0,2
2026-09-03,apapa-oshodi expressway,mile2-oshodi,2026-08-19 13:36:00,2026-08-19 13:00:00,Thursday,cloudy,26.8,0.15,medium,2,G/Y/R,junction,3,6,1.0,2
2026-08-09,funsho williams avenue,unknown,2026-08-19 09:10:00,2026-08-19 09:00:00,Tuesday,light rain,25.2,0.24,high,3,R,road segment,1,2,2.0,1
2026-08-05,funsho williams avenue,unknown,2026-08-19 13:58:00,2026-08-19 13:00:00,Monday,partly sunny,25.6,0.1,low,1,G/R,none evident,0,4,0.0,0
2026-08-16,apapa-oshodi expressway,mile2-oshodi,2026-08-19 20:30:00,2026-08-19 20:00:00,Thursday,heavy rain,22.3,0.82,low,1,G,road segment,3,0,0.0,1
2026-08-10,apapa-oshodi expressway,mile2-oshodi,2026-08-19 09:33:00,2026-08-19 09:00:00,Wednesday,heavy rain,22.8,0.85,medium,2,G/Y/R,mixed,2,6,1.0,3
2026-08-11,lekki-epe expressway,lekkiphase1-ajah,2026-08-19 14:57:00,2026-08-19 14:00:00,Thursday,mostly cloudy,26.2,0.11,medium,2,G/Y,mixed,3,3,1.0,3
2026-09-05,ikorodu road,unknown,2026-08-19 11:30:00,2026-08-19 11:00:00,Thursday,heavy rain,22.5,0.83,low,1,G,road segment,3,0,0.0,1
2026-09-02,ikorodu road,unknown,2026-08-19 20:53:00,2026-08-19 20:00:00,Sunday,light rain,24.7,0.24,low,1,G,road segment,6,0,0.0,1
2026-08-23,apapa-oshodi expressway,mile2-oshodi,2026-08-19 16:37:00,2026-08-19 16:00:00,Saturday,heavy rain,23.0,0.66,high,3,Y/R,road segment,5,5,2.0,1
2026-08-12,lagos-abeokuta expressway,abule egba-iyana ipaja,2026-08-19 12:47:00,2026-08-19 12:00:00,Monday,partly sunny,25.7,0.09,medium,2,Y/R,road segment,0,5,1.0,1
2026-08-30,apapa-oshodi expressway,mile2-oshodi,2026-08-19 21:24:00,2026-08-19 21:00:00,Saturday,mostly cloudy,26.9,0.17,low,1,G,road segment,5,0,0.0,1
2026-08-11,apapa-oshodi expressway,mile2-oshodi,2026-08-19 13:01:00,2026-08-19 13:00:00,Sunday,partly sunny,25.9,0.12,medium,2,G/Y,mixed,6,3,1.0,3
2026-08-30,lagos-badagry expressway,mile2-festac,2026-08-19 14:09:00,2026-08-19 14:00:00,Wednesday,partly sunny,25.6,0.07,medium,2,Y/R,road segment,2,5,1.0,1
2026-09-09,third mainland bridge,oworonshole-adekunle,2026-08-19 16:01:00,2026-08-19 16:00:00,Tuesday,light rain,24.2,0.21,high,3,R,road segment,1,2,2.0,1
2026-08-04,apapa-oshodi expressway,mile2-oshodi,2026-08-19 17:58:00,2026-08-19 17:00:00,Monday,mostly cloudy,25.7,0.12,high,3,R,mixed,0,2,2.0,3
2026-08-21,apapa-oshodi expressway,mile2-oshodi,2026-08-19 13:20:00,2026-08-19 13:00:00,Thursday,partly sunny,27.6,0.15,low,1,G,none evident,3,0,0.0,0
2026-08-24,lagos-badagry expressway,mile2-festac,2026-08-19 11:33:00,2026-08-19 11:00:00,Saturday,light rain,24.2,0.35,low,1,G,road segment,5,0,0.0,1
2026-08-04,lagos-badagry expressway,mile2-festac,2026-08-19 07:47:00,2026-08-19 07:00:00,Thursday,light rain,24.2,0.35,high,3,G/Y/R,road segment,3,6,2.0,1
2026-08-15,lekki-epe expressway,lekkiphase1-ajah,2026-08-19 07:06:00,2026-08-19 07:00:00,Monday,mostly cloudy,24.3,0.15,high,3,Y/R,road segment,0,5,2.0,1
2026-09-11,lekki-epe expressway,lekkiphase1-ajah,2026-08-19 16:56:00,2026-08-19 16:00:00,Sunday,cloudy,25.9,0.13,high,3,R,junction,6,2,2.0,2
2026-09-14,funsho williams avenue,unknown,2026-08-19 22:33:00,2026-08-19 22:00:00,Wednesday,mostly cloudy,24.1,0.19,low,1,G/R,none evident,2,4,0.0,0
2026-08-26,lagos-ibadan expressway,ojota-berger,2026-08-19 19:31:00,2026-08-19 19:00:00,Thursday,heavy rain,22.7,0.56,high,3,G/Y/R,road segment,3,6,2.0,1
2026-08-23,funsho williams avenue,unknown,2026-08-19 19:55:00,2026-08-19 19:00:00,Tuesday,light rain,25.0,0.23,high,3,R,mixed,1,2,2.0,3
2026-09-01,lekki-epe expressway,lekkiphase1-ajah,2026-08-19 17:47:00,2026-08-19 17:00:00,Wednesday,heavy rain,23.5,0.59,high,3,G/Y/R,junction,2,6,2.0,2
2026-08-25,lagos-ibadan expressway,ojota-berger,2026-08-19 15:15:00,2026-08-19 15:00:00,Friday,mostly cloudy,24.8,0.13,medium,2,G/Y,road segment,4,3,1.0,1
2026-08-24,lagos-badagry expressway,mile2-festac,2026-08-19 15:40:00,2026-08-19 15:00:00,Wednesday,cloudy,27.5,0.11,medium,2,G/Y,junction,2,3,1.0,2
2026-09-07,lekki-epe expressway,lekkiphase1-ajah,2026-08-19 14:38:00,2026-08-19 14:00:00,Sunday,partly sunny,27.8,0.08,medium,2,G/Y/R,road segment,6,6,1.0,1
2026-08-03,apapa-oshodi expressway,mile2-oshodi,2026-08-19 18:41:00,2026-08-19 18:00:00,Friday,mostly cloudy,26.1,0.15,high,3,R,mixed,4,2,2.0,3
2026-08-07,lagos-ibadan expressway,ojota-berger,2026-08-19 20:24:00,2026-08-19 20:00:00,Friday,heavy rain,23.3,0.69,low,1,G/R,none evident,4,4,0.0,0
2026-09-04,apapa-oshodi expressway,mile2-oshodi,2026-08-19 20:27:00,2026-08-19 20:00:00,Thursday,light rain,24.3,0.4,low,1,G/R,road segment,3,4,0.0,1
2026-08-02,third mainland bridge,oworonshole-adekunle,2026-08-19 08:18:00,2026-08-19 08:00:00,Monday,heavy rain,23.5,0.68,high,3,Y/R,junction,0,5,2.0,2
2026-08-03,funsho williams avenue,unknown,2026-08-19 12:02:00,2026-08-19 12:00:00,Wednesday,partly sunny,28.1,0.12,low,1,G/Y,none evident,2,3,0.0,0
2026-09-03,lagos-ibadan expressway,ojota-berger,2026-08-19 11:10:00,2026-08-19 11:00:00,Tuesday,heavy rain,24.3,0.83,low,1,G/Y,none evident,1,3,0.0,0
2026-08-02,lekki-epe expressway,lekkiphase1-ajah,2026-08-19 22:21:00,2026-08-19 22:00:00,Monday,cloudy,25.2,0.24,low,1,G/Y,none evident,0,3,0.0,0
2026-08-14,ikorodu road,unknown,2026-08-19 15:14:00,2026-08-19 15:00:00,Monday,heavy rain,23.1,0.84,medium,2,G/Y,junction,0,3,1.0,2
2026-08-28,lekki-epe expressway,lekkiphase1-ajah,2026-08-19 18:36:00,2026-08-19 18:00:00,Thursday,mostly cloudy,26.2,0.1,high,3,R,junction,3,2,2.0,2
2026-09-08,lagos-abeokuta expressway,abule egba-iyana ipaja,2026-08-19 06:54:00,2026-08-19 06:00:00,Wednesday,mostly cloudy,26.7,0.18,low,1,G,none evident,2,0,0.0,0
2026-08-10,lekki-epe expressway,lekkiphase1-ajah,2026-08-19 16:32:00,2026-08-19 16:00:00,Tuesday,mostly cloudy,25.9,0.18,medium,2,Y/R,mixed,1,5,1.0,3
2026-08-09,lagos-badagry expressway,mile2-festac,2026-08-19 16:45:00,2026-08-19 16:00:00,Saturday,mostly cloudy,26.9,0.11,high,3,R,junction,5,2,2.0,2
2026-09-03,third mainland bridge,oworonshole-adekunle,2026-08-19 20:19:00,2026-08-19 20:00:00,Thursday,partly sunny,25.2,0.06,medium,2,Y/R,mixed,3,5,1.0,3
2026-09-13,lekki-epe expressway,lekkiphase1-ajah,2026-08-19 09:55:00,2026-08-19 09:00:00,Wednesday,heavy rain,23.1,0.68,high,3,Y/R,road segment,2,5,2.0,1
2026-09-03,third mainland bridge,oworonshole-adekunle,2026-08-19 12:24:00,2026-08-19 12:00:00,Monday,partly sunny,28.1,0.12,medium,2,Y/R,junction,0,5,1.0,2
2026-09-06,ikorodu road,unknown,2026-08-19 17:32:00,2026-08-19 17:00:00,Tuesday,partly sunny,28.2,0.05,high,3,R,mixed,1,2,2.0,3
2026-08-04,lagos-abeokuta expressway,abule egba-iyana ipaja,2026-08-19 16:24:00,2026-08-19 16:00:00,Saturday,partly sunny,28.4,0.12,high,3,Y/R,junction,5,5,2.0,2
2026-08-21,lagos-abeokuta expressway,abule egba-iyana ipaja,2026-08-19 14:21:00,2026-08-19 14:00:00,Saturday,cloudy,27.5,0.19,low,1,G,none evident,5,0,0.0,0
2026-08-31,lekki-epe expressway,lekkiphase1-ajah,2026-08-19 21:32:00,2026-08-19 21:00:00,Saturday,partly sunny,27.8,0.06,low,1,G,road segment,5,0,0.0,1
2026-09-01,lagos-ibadan expressway,ojota-berger,2026-08-19 14:03:00,2026-08-19 14:00:00,Thursday,light rain,23.5,0.29,medium,2,G/Y/R,road segment,3,6,1.0,1
2026-09-01,lagos-abeokuta expressway,abule egba-iyana ipaja,2026-08-19 20:11:00,2026-08-19 20:00:00,Saturday,partly sunny,26.6,0.1,low,1,G,road segment,5,0,0.0,1
2026-09-06,apapa-oshodi expressway,mile2-oshodi,2026-08-19 17:01:00,2026-08-19 17:00:00,Friday,light rain,25.0,0.37,high,3,R,mixed,4,2,2.0,3
2026-08-05,apapa-oshodi expressway,mile2-oshodi,2026-08-19 06:35:00,2026-08-19 06:00:00,Thursday,partly sunny,28.2,0.14,low,1,G/R,none evident,3,4,0.0,0
2026-08-28,funsho williams avenue,unknown,2026-08-19 20:28:00,2026-08-19 20:00:00,Saturday,partly sunny,25.2,0.14,low,1,G/Y,none evident,5,3,0.0,0
2026-08-19,funsho williams avenue,unknown,2026-08-19 09:43:00,2026-08-19 09:00:00,Friday,mostly cloudy,25.2,0.12,medium,2,G/Y,junction,4,3,1.0,2
2026-09-10,lekki-epe expressway,lekkiphase1-ajah,2026-08-19 13:36:00,2026-08-19 13:00:00,Tuesday,partly sunny,27.7,0.1,medium,2,Y/R,junction,1,5,1.0,2
2026-09-12,apapa-oshodi expressway,mile2-oshodi,2026-08-19 20:07:00,2026-08-19 20:00:00,Saturday,cloudy,28.0,0.14,medium,2,Y,mixed,5,1,1.0,3
2026-08-19,third mainland bridge,oworonshole-adekunle,2026-08-19 07:29:00,2026-08-19 07:00:00,Thursday,partly sunny,26.7,0.08,high,3,G/Y/R,road segment,3,6,2.0,1
2026-08-02,funsho williams avenue,unknown,2026-08-19 20:47:00,2026-08-19 20:00:00,Friday,partly sunny,28.8,0.09,medium,2,G/Y,mixed,4,3,1.0,3
2026-08-25,lagos-badagry expressway,mile2-festac,2026-08-19 16:10:00,2026-08-19 16:00:00,Thursday,cloudy,27.6,0.15,high,3,R,road segment,3,2,2.0,1
2026-08-26,funsho williams avenue,unknown,2026-08-19 08:06:00,2026-08-19 08:00:00,Wednesday,partly sunny,28.3,0.06,medium,2,Y,junction,2,1,1.0,2
2026-08-14,lagos-abeokuta expressway,abule egba-iyana ipaja,2026-08-19 13:37:00,2026-08-19 13:00:00,Thursday,heavy rain,24.1,0.64,low,1,G,road segment,3,0,0.0,1
2026-09-10,lekki-epe expressway,lekkiphase1-ajah,2026-08-19 09:05:00,2026-08-19 09:00:00,Sunday,heavy rain,24.3,0.59,medium,2,Y,road segment,6,1,1.0,1
2026-08-23,lagos-ibadan expressway,ojota-berger,2026-08-19 12:24:00,2026-08-19 12:00:00,Thursday,light rain,25.8,0.23,medium,2,Y,road segment,3,1,1.0,1
2026-09-01,lagos-abeokuta expressway,abule egba-iyana ipaja,2026-08-19 17:39:00,2026-08-19 17:00:00,Monday,mostly cloudy,26.8,0.13,high,3,R,junction,0,2,2.0,2
2026-09-08,lekki-epe expressway,lekkiphase1-ajah,2026-08-19 12:56:00,2026-08-19 12:00:00,Sunday,heavy rain,22.9,0.66,low,1,G/Y,road segment,6,3,0.0,1
2026-09-05,lekki-epe expressway,lekkiphase1-ajah,2026-08-19 16:12:00,2026-08-19 16:00:00,Wednesday,partly sunny,25.6,0.08,medium,2,Y,road segment,2,1,1.0,1
2026-08-02,funsho williams avenue,unknown,2026-08-19 14:52:00,2026-08-19 14:00:00,Saturday,light rain,24.0,0.37,low,1,G/R,road segment,5,4,0.0,1
2026-08-12,lagos-badagry expressway,mile2-festac,2026-08-19 08:09:00,2026-08-19 08:00:00,Thursday,light rain,23.3,0.34,high,3,Y/R,mixed,3,5,2.0,3
2026-08-30,lagos-abeokuta expressway,abule egba-iyana ipaja,2026-08-19 06:57:00,2026-08-19 06:00:00,Tuesday,cloudy,27.2,0.1,low,1,G,none evident,1,0,0.0,0
2026-08-26,lekki-epe expressway,lekkiphase1-ajah,2026-08-19 14:51:00,2026-08-19 14:00:00,Tuesday,heavy rain,23.6,0.83,low,1,G,none evident,1,0,0.0,0
2026-09-14,third mainland bridge,oworonshole-adekunle,2026-08-19 22:05:00,2026-08-19 22:00:00,Saturday,light rain,24.7,0.23,low,1,G,none evident,5,0,0.0,0
2026-08-25,lagos-ibadan expressway,ojota-berger,2026-08-19 12:31:00,2026-08-19 12:00:00,Saturday,heavy rain,23.5,0.66,low,1,G/Y,none evident,5,3,0.0,0
2026-08-01,lagos-abeokuta expressway,abule egba-iyana ipaja,2026-08-19 15:33:00,2026-08-19 15:00:00,Tuesday,cloudy,27.1,0.12,medium,2,Y/R,road segment,1,5,1.0,1
2026-09-02,lagos-badagry expressway,mile2-festac,2026-08-19 09:48:00,2026-08-19 09:00:00,Thursday,partly sunny,27.9,0.14,high,3,Y/R,road segment,3,5,2.0,1
2026-08-23,lagos-abeokuta expressway,abule egba-iyana ipaja,2026-08-19 18:20:00,2026-08-19 18:00:00,Wednesday,light rain,23.2,0.35,high,3,Y/R,mixed,2,5,2.0,3
2026-08-07,ikorodu road,unknown,2026-08-19 20:42:00,2026-08-19 20:00:00,Monday,cloudy,26.9,0.11,medium,2,Y,road segment,0,1,1.0,1
2026-08-01,lekki-epe expressway,lekkiphase1-ajah,2026-08-19 19:04:00,2026-08-19 19:00:00,Wednesday,partly sunny,27.6,0.06,high,3,G/Y/R,junction,2,6,2.0,2
2026-08-11,lekki-epe expressway,lekkiphase1-ajah,2026-08-19 08:07:00,2026-08-19 08:00:00,Monday,heavy rain,22.7,0.66,high,3,Y/R,junction,0,5,2.0,2
2026-08-15,third mainland bridge,oworonshole-adekunle,2026-08-19 07:31:00,2026-08-19 07:00:00,Thursday,heavy rain,23.3,0.69,high,3,R,road segment,3,2,2.0,1
2026-08-27,lagos-badagry expressway,mile2-festac,2026-08-19 16:09:00,2026-08-19 16:00:00,Saturday,cloudy,25.4,0.22,high,3,G/Y/R,road segment,5,6,2.0,1
2026-09-01,lekki-epe expressway,lekkiphase1-ajah,2026-08-19 19:40:00,2026-08-19 19:00:00,Monday,light rain,23.4,0.27,medium,2,G/Y,road segment,0,3,1.0,1
2026-08-28,lagos-badagry expressway,mile2-festac,2026-08-19 07:08:00,2026-08-19 07:00:00,Wednesday,mostly cloudy,25.5,0.15,high,3,Y/R,junction,2,5,2.0,2
2026-09-15,ikorodu road,unknown,2026-08-19 16:19:00,2026-08-19 16:00:00,Tuesday,mostly cloudy,24.6,0.14,high,3,Y/R,junction,1,5,2.0,2
2026-08-06,third mainland bridge,oworonshole-adekunle,2026-08-19 09:39:00,2026-08-19 09:00:00,Friday,mostly cloudy,24.3,0.1,high,3,Y/R,mixed,4,5,2.0,3
2026-08-18,lekki-epe expressway,lekkiphase1-ajah,2026-08-19 17:20:00,2026-08-19 17:00:00,Saturday,heavy rain,22.5,0.76,high,3,G/Y/R,road segment,5,6,2.0,1
2026-08-20,ikorodu road,unknown,2026-08-19 13:00:00,2026-08-19 13:00:00,Thursday,mostly cloudy,24.8,0.18,low,1,G/Y,road segment,3,3,0.0,1
2026-09-13,lagos-badagry expressway,mile2-festac,2026-08-19 22:40:00,2026-08-19 22:00:00,Sunday,cloudy,27.5,0.22,low,1,G/Y,none evident,6,3,0.0,0
2026-08-22,ikorodu road,unknown,2026-08-19 17:17:00,2026-08-19 17:00:00,Thursday,mostly cloudy,25.6,0.14,high,3,Y/R,road segment,3,5,2.0,1
2026-08-23,lekki-epe expressway,lekkiphase1-ajah,2026-08-19 10:23:00,2026-08-19 10:00:00,Wednesday,cloudy,26.3,0.13,low,1,G/Y,road segment,2,3,0.0,1
2026-09-08,lagos-badagry expressway,mile2-festac,2026-08-19 20:08:00,2026-08-19 20:00:00,Friday,mostly cloudy,26.8,0.15,low,1,G,none evident,4,0,0.0,0
2026-09-02,third mainland bridge,oworonshole-adekunle,2026-08-19 12:10:00,2026-08-19 12:00:00,Friday,mostly cloudy,26.4,0.15,low,1,G/Y,none evident,4,3,0.0,0
2026-08-08,lagos-badagry expressway,mile2-festac,2026-08-19 10:42:00,2026-08-19 10:00:00,Saturday,light rain,25.8,0.26,low,1,G/Y,none evident,5,3,0.0,0
2026-08-08,lagos-ibadan expressway,ojota-berger,2026-08-19 17:03:00,2026-08-19 17:00:00,Tuesday,heavy rain,23.4,0.75,high,3,G/Y/R,road segment,1,6,2.0,1
2026-08-17,lagos-ibadan expressway,ojota-berger,2026-08-19 09:48:00,2026-08-19 09:00:00,Friday,cloudy,25.3,0.25,high,3,Y/R,mixed,4,5,2.0,3
2026-08-15,ikorodu road,unknown,2026-08-19 09:39:00,2026-08-19 09:00:00,Saturday,light rain,24.0,0.29,medium,2,G/Y/R,mixed,5,6,1.0,3
2026-08-14,lagos-badagry expressway,mile2-festac,2026-08-19 17:26:00,2026-08-19 17:00:00,Monday,light rain,25.5,0.32,high,3,R,road segment,0,2,2.0,1
2026-09-12,lekki-epe expressway,lekkiphase1-ajah,2026-08-19 14:26:00,2026-08-19 14:00:00,Wednesday,cloudy,28.0,0.23,medium,2,G/Y/R,road segment,2,6,1.0,1
2026-08-23,ikorodu road,unknown,2026-08-19 20:10:00,2026-08-19 20:00:00,Thursday,partly sunny,26.7,0.14,medium,2,G/Y,junction,3,3,1.0,2
2026-09-03,lagos-ibadan expressway,ojota-berger,2026-08-19 21:00:00,2026-08-19 21:00:00,Saturday,heavy rain,22.4,0.55,low,1,G/R,road segment,5,4,0.0,1
2026-09-08,lagos-badagry expressway,mile2-festac,2026-08-19 17:16:00,2026-08-19 17:00:00,Saturday,partly sunny,26.3,0.06,high,3,R,mixed,5,2,2.0,3
2026-09-03,ikorodu road,unknown,2026-08-19 21:50:00,2026-08-19 21:00:00,Monday,light rain,25.0,0.29,low,1,G/R,none evident,0,4,0.0,0
2026-09-13,lekki-epe expressway,lekkiphase1-ajah,2026-08-19 08:12:00,2026-08-19 08:00:00,Wednesday,cloudy,25.6,0.16,high,3,G/Y/R,junction,2,6,2.0,2
2026-08-23,lagos-ibadan expressway,ojota-berger,2026-08-19 19:16:00,2026-08-19 19:00:00,Tuesday,heavy rain,23.5,0.75,high,3,Y/R,mixed,1,5,2.0,3
2026-08-08,funsho williams avenue,unknown,2026-08-19 12:02:00,2026-08-19 12:00:00,Sunday,mostly cloudy,24.3,0.16,low,1,G/Y,none evident,6,3,0.0,0
2026-08-08,third mainland bridge,oworonshole-adekunle,2026-08-19 19:29:00,2026-08-19 19:00:00,Monday,partly sunny,26.9,0.08,high,3,G/Y/R,road segment,0,6,2.0,1
2026-09-04,lekki-epe expressway,lekkiphase1-ajah,2026-08-19 20:56:00,2026-08-19 20:00:00,Friday,partly sunny,26.8,0.09,low,1,G,road segment,4,0,0.0,1
2026-09-01,apapa-oshodi expressway,mile2-oshodi,2026-08-19 18:30:00,2026-08-19 18:00:00,Wednesday,mostly cloudy,26.6,0.16,high,3,R,road segment,2,2,2.0,1
2026-08-28,lagos-badagry expressway,mile2-festac,2026-08-19 09:37:00,2026-08-19 09:00:00,Tuesday,light rain,24.4,0.31,medium,2,Y/R,mixed,1,5,1.0,3
2026-08-21,apapa-oshodi expressway,mile2-oshodi,2026-08-19 13:35:00,2026-08-19 13:00:00,Monday,mostly cloudy,24.5,0.11,medium,2,Y/R,junction,0,5,1.0,2
2026-08-06,lagos-abeokuta expressway,abule egba-iyana ipaja,2026-08-19 07:15:00,2026-08-19 07:00:00,Wednesday,heavy rain,23.6,0.71,high,3,Y/R,mixed,2,5,2.0,3
2026-08-27,third mainland bridge,oworonshole-adekunle,2026-08-19 16:08:00,2026-08-19 16:00:00,Thursday,heavy rain,22.1,0.83,medium,2,Y/R,junction,3,5,1.0,2
2026-08-28,lagos-ibadan expressway,ojota-berger,2026-08-19 20:20:00,2026-08-19 20:00:00,Saturday,partly sunny,28.8,0.14,low,1,G,none evident,5,0,0.0,0
2026-08-28,lagos-badagry expressway,mile2-festac,2026-08-19 08:39:00,2026-08-19 08:00:00,Friday,mostly cloudy,26.7,0.11,high,3,G/Y/R,junction,4,6,2.0,2
2026-08-31,funsho williams avenue,unknown,2026-08-19 19:43:00,2026-08-19 19:00:00,Friday,cloudy,26.4,0.24,medium,2,Y,junction,4,1,1.0,2
2026-08-20,ikorodu road,unknown,2026-08-19 21:12:00,2026-08-19 21:00:00,Friday,light rain,23.6,0.39,low,1,G,none evident,4,0,0.0,0
2026-08-03,ikorodu road,unknown,2026-08-19 11:47:00,2026-08-19 11:00:00,Monday,cloudy,25.0,0.22,low,1,G/R,road segment,0,4,0.0,1
2026-08-16,lagos-ibadan expressway,ojota-berger,2026-08-19 18:40:00,2026-08-19 18:00:00,Monday,cloudy,25.1,0.2,high,3,G/Y/R,road segment,0,6,2.0,1
2026-08-24,third mainland bridge,oworonshole-adekunle,2026-08-19 16:26:00,2026-08-19 16:00:00,Saturday,partly sunny,27.8,0.13,high,3,R,mixed,5,2,2.0,3
2026-08-30,lagos-abeokuta expressway,abule egba-iyana ipaja,2026-08-19 07:10:00,2026-08-19 07:00:00,Tuesday,mostly cloudy,25.9,0.18,high,3,R,junction,1,2,2.0,2
2026-09-15,lekki-epe expressway,lekkiphase1-ajah,2026-08-19 08:25:00,2026-08-19 08:00:00,Monday,light rain,24.0,0.28,high,3,G/Y/R,junction,0,6,2.0,2
2026-08-16,funsho williams avenue,unknown,2026-08-19 18:25:00,2026-08-19 18:00:00,Tuesday,cloudy,26.4,0.12,high,3,G/Y/R,road segment,1,6,2.0,1
2026-09-04,third mainland bridge,oworonshole-adekunle,2026-08-19 16:32:00,2026-08-19 16:00:00,Friday,cloudy,26.9,0.14,high,3,R,mixed,4,2,2.0,3
2026-08-28,funsho williams avenue,unknown,2026-08-19 14:21:00,2026-08-19 14:00:00,Wednesday,cloudy,26.5,0.12,medium,2,G/Y,road segment,2,3,1.0,1
2026-08-07,ikorodu road,unknown,2026-08-19 22:54:00,2026-08-19 22:00:00,Thursday,cloudy,28.0,0.15,low,1,G/Y,none evident,3,3,0.0,0
2026-08-03,lagos-abeokuta expressway,abule egba-iyana ipaja,2026-08-19 16:46:00,2026-08-19 16:00:00,Monday,heavy rain,24.1,0.7,high,3,G/Y/R,road segment,0,6,2.0,1
2026-09-10,third mainland bridge,oworonshole-adekunle,2026-08-19 19:34:00,2026-08-19 19:00:00,Thursday,light rain,25.0,0.26,high,3,Y/R,junction,3,5,2.0,2
2026-09-14,lekki-epe expressway,lekkiphase1-ajah,2026-08-19 16:09:00,2026-08-19 16:00:00,Monday,cloudy,26.9,0.16,medium,2,G/Y,mixed,0,3,1.0,3
2026-08-12,lekki-epe expressway,lekkiphase1-ajah,2026-08-19 16:08:00,2026-08-19 16:00:00,Tuesday,cloudy,27.0,0.11,high,3,R,junction,1,2,2.0,2
2026-09-06,ikorodu road,unknown,2026-08-19 14:26:00,2026-08-19 14:00:00,Monday,light rain,25.7,0.37,low,1,G/R,none evident,0,4,0.0,0
2026-08-23,lekki-epe expressway,lekkiphase1-ajah,2026-08-19 07:16:00,2026-08-19 07:00:00,Tuesday,light rain,25.0,0.35,high,3,R,road segment,1,2,2.0,1
2026-08-30,funsho williams avenue,unknown,2026-08-19 20:59:00,2026-08-19 20:00:00,Monday,mostly cloudy,26.4,0.12,low,1,G/R,none evident,0,4,0.0,0
2026-08-14,lagos-badagry expressway,mile2-festac,2026-08-19 12:23:00,2026-08-19 12:00:00,Tuesday,cloudy,26.8,0.16,medium,2,G/Y/R,road segment,1,6,1.0,1
2026-08-07,funsho williams avenue,unknown,2026-08-19 17:10:00,2026-08-19 17:00:00,Friday,heavy rain,23.4,0.56,high,3,Y/R,road segment,4,5,2.0,1
2026-08-29,lekki-epe expressway,lekkiphase1-ajah,2026-08-19 19:23:00,2026-08-19 19:00:00,Monday,cloudy,25.9,0.16,medium,2,G/Y,road segment,0,3,1.0,1
2026-09-01,lagos-badagry expressway,mile2-festac,2026-08-19 09:48:00,2026-08-19 09:00:00,Wednesday,heavy rain,23.1,0.59,high,3,Y/R,road segment,2,5,2.0,1
2026-08-23,ikorodu road,unknown,2026-08-19 08:55:00,2026-08-19 08:00:00,Tuesday,mostly cloudy,25.8,0.14,medium,2,G/Y,road segment,1,3,1.0,1
2026-09-07,ikorodu road,unknown,2026-08-19 15:06:00,2026-08-19 15:00:00,Sunday,heavy rain,23.5,0.65,medium,2,Y/R,road segment,6,5,1.0,1
2026-08-07,apapa-oshodi expressway,mile2-oshodi,2026-08-19 09:43:00,2026-08-19 09:00:00,Thursday,cloudy,27.9,0.18,medium,2,G/Y,mixed,3,3,1.0,3
2026-08-06,third mainland bridge,oworonshole-adekunle,2026-08-19 08:52:00,2026-08-19 08:00:00,Monday,mostly cloudy,26.3,0.12,medium,2,G/Y/R,mixed,0,6,1.0,3
2026-08-03,lagos-badagry expressway,mile2-festac,2026-08-19 14:49:00,2026-08-19 14:00:00,Tuesday,mostly cloudy,26.3,0.12,low,1,G,none evident,1,0,0.0,0
2026-08-25,lagos-abeokuta expressway,abule egba-iyana ipaja,2026-08-19 19:56:00,2026-08-19 19:00:00,Tuesday,cloudy,26.6,0.18,high,3,Y/R,road segment,1,5,2.0,1
2026-09-06,lagos-ibadan expressway,ojota-berger,2026-08-19 14:25:00,2026-08-19 14:00:00,Saturday,partly sunny,28.1,0.05,medium,2,Y,road segment,5,1,1.0,1
2026-09-02,lagos-abeokuta expressway,abule egba-iyana ipaja,2026-08-19 16:36:00,2026-08-19 16:00:00,Tuesday,partly sunny,27.8,0.08,high,3,R,mixed,1,2,2.0,3
2026-08-19,lagos-abeokuta expressway,abule egba-iyana ipaja,2026-08-19 21:13:00,2026-08-19 21:00:00,Tuesday,light rain,23.4,0.38,low,1,G,none evident,1,0,0.0,0
2026-08-09,lagos-badagry expressway,mile2-festac,2026-08-19 12:34:00,2026-08-19 12:00:00,Wednesday,cloudy,27.8,0.11,medium,2,Y,road segment,2,1,1.0,1
2026-09-15,lekki-epe expressway,lekkiphase1-ajah,2026-08-19 21:48:00,2026-08-19 21:00:00,Saturday,partly sunny,28.4,0.11,low,1,G/Y,none evident,5,3,0.0,0
2026-08-18,ikorodu road,unknown,2026-08-19 19:00:00,2026-08-19 19:00:00,Tuesday,light rain,25.0,0.38,medium,2,Y/R,road segment,1,5,1.0,1
2026-09-04,lagos-ibadan expressway,ojota-berger,2026-08-19 09:58:00,2026-08-19 09:00:00,Saturday,cloudy,25.9,0.18,medium,2,G/Y,junction,5,3,1.0,2
2026-08-14,lagos-abeokuta expressway,abule egba-iyana ipaja,2026-08-19 19:52:00,2026-08-19 19:00:00,Tuesday,light rain,25.9,0.26,high,3,G/Y/R,road segment,1,6,2.0,1
2026-09-07,ikorodu road,unknown,2026-08-19 08:18:00,2026-08-19 08:00:00,Friday,cloudy,26.9,0.24,medium,2,G/Y/R,mixed,4,6,1.0,3
2026-09-06,ikorodu road,unknown,2026-08-19 07:14:00,2026-08-19 07:00:00,Tuesday,cloudy,27.4,0.17,high,3,Y/R,junction,1,5,2.0,2
2026-09-07,third mainland bridge,oworonshole-adekunle,2026-08-19 15:11:00,2026-08-19 15:00:00,Thursday,partly sunny,25.7,0.14,medium,2,Y/R,road segment,3,5,1.0,1
2026-08-22,lekki-epe expressway,lekkiphase1-ajah,2026-08-19 14:47:00,2026-08-19 14:00:00,Monday,cloudy,26.5,0.21,low,1,G/Y,road segment,0,3,0.0,1
2026-08-05,apapa-oshodi expressway,mile2-oshodi,2026-08-19 11:13:00,2026-08-19 11:00:00,Wednesday,cloudy,25.9,0.19,low,1,G,none evident,2,0,0.0,0
2026-08-12,ikorodu road,unknown,2026-08-19 18:18:00,2026-08-19 18:00:00,Sunday,heavy rain,22.5,0.63,high,3,Y/R,junction,6,5,2.0,2
2026-08-04,funsho williams avenue,unknown,2026-08-19 12:04:00,2026-08-19 12:00:00,Sunday,cloudy,26.3,0.2,medium,2,Y/R,road segment,6,5,1.0,1
2026-08-04,apapa-oshodi expressway,mile2-oshodi,2026-08-19 09:35:00,2026-08-19 09:00:00,Tuesday,heavy rain,23.9,0.62,high,3,Y/R,road segment,1,5,2.0,1
2026-08-20,lagos-abeokuta expressway,abule egba-iyana ipaja,2026-08-19 06:00:00,2026-08-19 06:00:00,Tuesday,cloudy,26.8,0.18,low,1,G,none evident,1,0,0.0,0
2026-08-15,lagos-badagry expressway,mile2-festac,2026-08-19 19:36:00,2026-08-19 19:00:00,Sunday,light rain,23.8,0.23,medium,2,Y,mixed,6,1,1.0,3
2026-09-13,lagos-badagry expressway,mile2-festac,2026-08-19 19:50:00,2026-08-19 19:00:00,Friday,mostly cloudy,26.4,0.14,medium,2,G/Y,mixed,4,3,1.0,3
2026-09-04,lagos-abeokuta expressway,abule egba-iyana ipaja,2026-08-19 16:33:00,2026-08-19 16:00:00,Sunday,partly sunny,26.3,0.09,high,3,R,road segment,6,2,2.0,1
2026-08-10,ikorodu road,unknown,2026-08-19 16:50:00,2026-08-19 16:00:00,Friday,mostly cloudy,24.2,0.17,high,3,R,mixed,4,2,2.0,3
2026-08-20,lagos-abeokuta expressway,abule egba-iyana ipaja,2026-08-19 20:39:00,2026-08-19 20:00:00,Wednesday,heavy rain,22.9,0.82,medium,2,Y/R,road segment,2,5,1.0,1
2026-08-07,funsho williams avenue,unknown,2026-08-19 13:57:00,2026-08-19 13:00:00,Thursday,cloudy,26.8,0.22,low,1,G/Y,none evident,3,3,0.0,0
2026-08-03,ikorodu road,unknown,2026-08-19 15:04:00,2026-08-19 15:00:00,Thursday,partly sunny,28.5,0.11,medium,2,Y/R,junction,3,5,1.0,2
2026-08-10,lagos-abeokuta expressway,abule egba-iyana ipaja,2026-08-19 20:41:00,2026-08-19 20:00:00,Tuesday,mostly cloudy,25.6,0.15,medium,2,Y,junction,1,1,1.0,2
2026-08-25,lagos-abeokuta expressway,abule egba-iyana ipaja,2026-08-19 14:32:00,2026-08-19 14:00:00,Tuesday,cloudy,27.6,0.15,medium,2,Y,road segment,1,1,1.0,1
2026-08-31,third mainland bridge,oworonshole-adekunle,2026-08-19 08:11:00,2026-08-19 08:00:00,Friday,cloudy,27.5,0.18,high,3,R,road segment,4,2,2.0,1
2026-09-09,lekki-epe expressway,lekkiphase1-ajah,2026-08-19 07:05:00,2026-08-19 07:00:00,Tuesday,cloudy,26.6,0.13,high,3,G/Y/R,road segment,1,6,2.0,1
2026-08-29,lagos-ibadan expressway,ojota-berger,2026-08-19 16:09:00,2026-08-19 16:00:00,Wednesday,partly sunny,26.5,0.12,high,3,G/Y/R,junction,2,6,2.0,2
2026-08-13,third mainland bridge,oworonshole-adekunle,2026-08-19 13:26:00,2026-08-19 13:00:00,Wednesday,mostly cloudy,26.2,0.2,low,1,G/Y,road segment,2,3,0.0,1
2026-09-10,funsho williams avenue,unknown,2026-08-19 12:07:00,2026-08-19 12:00:00,Thursday,partly sunny,29.0,0.06,low,1,G/R,road segment,3,4,0.0,1
2026-09-03,lagos-ibadan expressway,ojota-berger,2026-08-19 18:03:00,2026-08-19 18:00:00,Monday,cloudy,27.9,0.19,high,3,Y/R,mixed,0,5,2.0,3
2026-08-22,apapa-oshodi expressway,mile2-oshodi,2026-08-19 16:42:00,2026-08-19 16:00:00,Saturday,cloudy,27.5,0.23,medium,2,G/Y,junction,5,3,1.0,2
2026-08-21,apapa-oshodi expressway,mile2-oshodi,2026-08-19 11:29:00,2026-08-19 11:00:00,Monday,mostly cloudy,26.6,0.17,low,1,G,none evident,0,0,0.0,0
2026-08-04,lagos-badagry expressway,mile2-festac,2026-08-19 06:47:00,2026-08-19 06:00:00,Sunday,cloudy,27.8,0.1,low,1,G,road segment,6,0,0.0,1
2026-08-13,lagos-abeokuta expressway,abule egba-iyana ipaja,2026-08-19 09:48:00,2026-08-19 09:00:00,Sunday,light rain,23.9,0.29,medium,2,Y/R,road segment,6,5,1.0,1
2026-08-06,lagos-ibadan expressway,ojota-berger,2026-08-19 22:50:00,2026-08-19 22:00:00,Monday,mostly cloudy,25.5,0.12,low,1,G,road segment,0,0,0.0,1
2026-09-06,lagos-abeokuta expressway,abule egba-iyana ipaja,2026-08-19 19:10:00,2026-08-19 19:00:00,Friday,mostly cloudy,26.9,0.11,high,3,R,junction,4,2,2.0,2
2026-08-28,funsho williams avenue,unknown,2026-08-19 12:27:00,2026-08-19 12:00:00,Friday,light rain,24.6,0.23,medium,2,G/Y,junction,4,3,1.0,2
2026-09-13,ikorodu road,unknown,2026-08-19 16:04:00,2026-08-19 16:00:00,Tuesday,heavy rain,23.1,0.67,medium,2,Y/R,mixed,1,5,1.0,3
2026-08-06,lekki-epe expressway,lekkiphase1-ajah,2026-08-19 20:25:00,2026-08-19 20:00:00,Wednesday,heavy rain,22.8,0.68,medium,2,Y,mixed,2,1,1.0,3
2026-09-02,ikorodu road,unknown,2026-08-19 20:30:00,2026-08-19 20:00:00,Sunday,light rain,25.9,0.32,low,1,G,road segment,6,0,0.0,1
2026-08-03,apapa-oshodi expressway,mile2-oshodi,2026-08-19 13:20:00,2026-08-19 13:00:00,Monday,light rain,24.6,0.29,medium,2,G/Y,mixed,0,3,1.0,3
2026-09-13,third mainland bridge,oworonshole-adekunle,2026-08-19 12:23:00,2026-08-19 12:00:00,Friday,heavy rain,23.3,0.54,medium,2,G/Y,mixed,4,3,1.0,3
2026-08-10,ikorodu road,unknown,2026-08-19 12:41:00,2026-08-19 12:00:00,Tuesday,mostly cloudy,24.2,0.13,low,1,G/R,none evident,1,4,0.0,0
2026-09-06,funsho williams avenue,unknown,2026-08-19 09:32:00,2026-08-19 09:00:00,Wednesday,partly sunny,28.5,0.06,high,3,G/Y/R,mixed,2,6,2.0,3
2026-08-20,third mainland bridge,oworonshole-adekunle,2026-08-19 16:04:00,2026-08-19 16:00:00,Friday,cloudy,25.2,0.19,high,3,G/Y/R,road segment,4,6,2.0,1
2026-08-12,third mainland bridge,oworonshole-adekunle,2026-08-19 21:06:00,2026-08-19 21:00:00,Monday,cloudy,26.3,0.19,low,1,G/Y,none evident,0,3,0.0,0
2026-09-04,apapa-oshodi expressway,mile2-oshodi,2026-08-19 16:04:00,2026-08-19 16:00:00,Friday,mostly cloudy,24.4,0.19,medium,2,Y,mixed,4,1,1.0,3
2026-09-03,third mainland bridge,oworonshole-adekunle,2026-08-19 13:47:00,2026-08-19 13:00:00,Friday,heavy rain,23.2,0.81,low,1,G/Y,road segment,4,3,0.0,1
2026-09-08,apapa-oshodi expressway,mile2-oshodi,2026-08-19 06:23:00,2026-08-19 06:00:00,Saturday,mostly cloudy,24.4,0.11,low,1,G/R,none evident,5,4,0.0,0
2026-08-15,lagos-badagry expressway,mile2-festac,2026-08-19 16:01:00,2026-08-19 16:00:00,Saturday,cloudy,26.1,0.25,high,3,Y/R,mixed,5,5,2.0,3
2026-09-13,lagos-ibadan expressway,ojota-berger,2026-08-19 14:02:00,2026-08-19 14:00:00,Wednesday,heavy rain,23.2,0.59,low,1,G/R,none evident,2,4,0.0,0
2026-09-10,apapa-oshodi expressway,mile2-oshodi,2026-08-19 18:55:00,2026-08-19 18:00:00,Saturday,cloudy,25.8,0.16,high,3,G/Y/R,junction,5,6,2.0,2
2026-08-14,lagos-badagry expressway,mile2-festac,2026-08-19 07:58:00,2026-08-19 07:00:00,Friday,cloudy,26.8,0.23,high,3,R,junction,4,2,2.0,2
2026-08-09,lagos-abeokuta expressway,abule egba-iyana ipaja,2026-08-19 15:16:00,2026-08-19 15:00:00,Thursday,partly sunny,25.2,0.06,medium,2,Y/R,road segment,3,5,1.0,1
2026-08-03,ikorodu road,unknown,2026-08-19 11:23:00,2026-08-19 11:00:00,Wednesday,heavy rain,23.6,0.7,low,1,G/Y,road segment,2,3,0.0,1
2026-08-09,third mainland bridge,oworonshole-adekunle,2026-08-19 16:38:00,2026-08-19 16:00:00,Wednesday,mostly cloudy,25.3,0.17,high,3,R,mixed,2,2,2.0,3
2026-08-13,ikorodu road,unknown,2026-08-19 09:48:00,2026-08-19 09:00:00,Friday,heavy rain,22.3,0.67,medium,2,Y/R,junction,4,5,1.0,2
2026-08-10,funsho williams avenue,unknown,2026-08-19 09:03:00,2026-08-19 09:00:00,Friday,partly sunny,25.5,0.06,high,3,R,mixed,4,2,2.0,3
2026-08-24,lagos-abeokuta expressway,abule egba-iyana ipaja,2026-08-19 12:12:00,2026-08-19 12:00:00,Wednesday,heavy rain,23.3,0.76,medium,2,Y/R,junction,2,5,1.0,2
2026-08-17,third mainland bridge,oworonshole-adekunle,2026-08-19 14:02:00,2026-08-19 14:00:00,Monday,partly sunny,27.9,0.11,medium,2,Y,mixed,0,1,1.0,3
2026-09-04,third mainland bridge,oworonshole-adekunle,2026-08-19 10:29:00,2026-08-19 10:00:00,Sunday,heavy rain,23.2,0.73,low,1,G/R,road segment,6,4,0.0,1
2026-09-10,lagos-badagry expressway,mile2-festac,2026-08-19 09:26:00,2026-08-19 09:00:00,Monday,cloudy,26.0,0.11,medium,2,Y/R,mixed,0,5,1.0,3
2026-09-14,lekki-epe expressway,lekkiphase1-ajah,2026-08-19 17:51:00,2026-08-19 17:00:00,Monday,cloudy,26.0,0.16,high,3,Y/R,road segment,0,5,2.0,1
2026-08-02,third mainland bridge,oworonshole-adekunle,2026-08-19 16:32:00,2026-08-19 16:00:00,Monday,partly sunny,25.3,0.09,high,3,Y/R,road segment,0,5,2.0,1
2026-09-12,apapa-oshodi expressway,mile2-oshodi,2026-08-19 21:54:00,2026-08-19 21:00:00,Tuesday,mostly cloudy,25.5,0.17,low,1,G/R,none evident,1,4,0.0,0
2026-08-06,funsho williams avenue,unknown,2026-08-19 13:34:00,2026-08-19 13:00:00,Tuesday,partly sunny,26.2,0.14,low,1,G,none evident,1,0,0.0,0
2026-08-01,funsho williams avenue,unknown,2026-08-19 21:31:00,2026-08-19 21:00:00,Wednesday,light rain,23.1,0.26,low,1,G,none evident,2,0,0.0,0
2026-08-04,lagos-badagry expressway,mile2-festac,2026-08-19 10:03:00,2026-08-19 10:00:00,Monday,mostly cloudy,26.5,0.16,low,1,G,road segment,0,0,0.0,1
2026-08-13,lekki-epe expressway,lekkiphase1-ajah,2026-08-19 09:31:00,2026-08-19 09:00:00,Tuesday,light rain,25.7,0.31,medium,2,Y/R,road segment,1,5,1.0,1
2026-08-15,ikorodu road,unknown,2026-08-19 15:23:00,2026-08-19 15:00:00,Thursday,light rain,25.1,0.29,medium,2,Y/R,road segment,3,5,1.0,1
2026-08-18,third mainland bridge,oworonshole-adekunle,2026-08-19 14:27:00,2026-08-19 14:00:00,Monday,cloudy,26.0,0.11,medium,2,Y,mixed,0,1,1.0,3
2026-08-11,third mainland bridge,oworonshole-adekunle,2026-08-19 09:19:00,2026-08-19 09:00:00,Thursday,cloudy,26.8,0.19,medium,2,Y,road segment,3,1,1.0,1
2026-08-13,lagos-ibadan expressway,ojota-berger,2026-08-19 16:35:00,2026-08-19 16:00:00,Saturday,partly sunny,25.8,0.09,high,3,G/Y/R,mixed,5,6,2.0,3
2026-09-05,lagos-badagry expressway,mile2-festac,2026-08-19 21:27:00,2026-08-19 21:00:00,Saturday,light rain,24.8,0.3,low,1,G,none evident,5,0,0.0,0
2026-08-17,apapa-oshodi expressway,mile2-oshodi,2026-08-19 14:07:00,2026-08-19 14:00:00,Thursday,partly sunny,26.8,0.07,low,1,G/R,road segment,3,4,0.0,1
2026-09-03,lagos-abeokuta expressway,abule egba-iyana ipaja,2026-08-19 08:34:00,2026-08-19 08:00:00,Tuesday,light rain,23.7,0.33,medium,2,Y,junction,1,1,1.0,2
2026-08-30,third mainland bridge,oworonshole-adekunle,2026-08-19 13:52:00,2026-08-19 13:00:00,Saturday,mostly cloudy,26.4,0.11,medium,2,Y/R,mixed,5,5,1.0,3
2026-08-14,funsho williams avenue,unknown,2026-08-19 17:10:00,2026-08-19 17:00:00,Thursday,cloudy,27.2,0.17,high,3,Y/R,junction,3,5,2.0,2
2026-08-29,lagos-ibadan expressway,ojota-berger,2026-08-19 09:16:00,2026-08-19 09:00:00,Monday,cloudy,25.3,0.16,medium,2,G/Y,road segment,0,3,1.0,1
2026-09-07,lagos-ibadan expressway,ojota-berger,2026-08-19 08:47:00,2026-08-19 08:00:00,Thursday,light rain,25.5,0.24,high,3,Y/R,mixed,3,5,2.0,3
2026-09-13,lagos-ibadan expressway,ojota-berger,2026-08-19 08:13:00,2026-08-19 08:00:00,Sunday,heavy rain,22.2,0.61,medium,2,Y/R,mixed,6,5,1.0,3
2026-08-09,lekki-epe expressway,lekkiphase1-ajah,2026-08-19 08:13:00,2026-08-19 08:00:00,Tuesday,cloudy,26.4,0.23,high,3,G/Y/R,junction,1,6,2.0,2
2026-08-18,lagos-ibadan expressway,ojota-berger,2026-08-19 13:34:00,2026-08-19 13:00:00,Friday,partly sunny,25.1,0.05,low,1,G/R,none evident,4,4,0.0,0
2026-08-12,lagos-badagry expressway,mile2-festac,2026-08-19 16:01:00,2026-08-19 16:00:00,Tuesday,partly sunny,28.4,0.13,medium,2,Y/R,road segment,1,5,1.0,1
2026-08-01,funsho williams avenue,unknown,2026-08-19 17:24:00,2026-08-19 17:00:00,Monday,mostly cloudy,26.1,0.13,high,3,Y/R,mixed,0,5,2.0,3
2026-09-15,apapa-oshodi expressway,mile2-oshodi,2026-08-19 09:52:00,2026-08-19 09:00:00,Monday,heavy rain,22.9,0.74,medium,2,G/Y,road segment,0,3,1.0,1
2026-08-19,ikorodu road,unknown,2026-08-19 08:48:00,2026-08-19 08:00:00,Saturday,mostly cloudy,24.6,0.19,medium,2,G/Y,road segment,5,3,1.0,1
2026-09-13,lagos-ibadan expressway,ojota-berger,2026-08-19 22:50:00,2026-08-19 22:00:00,Thursday,mostly cloudy,25.0,0.2,low,1,G,road segment,3,0,0.0,1
2026-08-13,lagos-abeokuta expressway,abule egba-iyana ipaja,2026-08-19 17:21:00,2026-08-19 17:00:00,Friday,partly sunny,25.0,0.08,high,3,Y/R,road segment,4,5,2.0,1
2026-08-05,ikorodu road,unknown,2026-08-19 06:30:00,2026-08-19 06:00:00,Wednesday,partly sunny,26.6,0.12,low,1,G/Y,none evident,2,3,0.0,0
2026-08-23,ikorodu road,unknown,2026-08-19 06:09:00,2026-08-19 06:00:00,Tuesday,partly sunny,28.3,0.06,low,1,G/Y,road segment,1,3,0.0,1
2026-08-27,lagos-abeokuta expressway,abule egba-iyana ipaja,2026-08-19 12:45:00,2026-08-19 12:00:00,Sunday,light rain,24.5,0.34,low,1,G,road segment,6,0,0.0,1
2026-08-23,funsho williams avenue,unknown,2026-08-19 18:52:00,2026-08-19 18:00:00,Saturday,mostly cloudy,24.1,0.19,high,3,Y/R,junction,5,5,2.0,2
2026-09-12,third mainland bridge,oworonshole-adekunle,2026-08-19 22:37:00,2026-08-19 22:00:00,Monday,heavy rain,23.6,0.81,low,1,G,road segment,0,0,0.0,1
2026-09-11,lagos-abeokuta expressway,abule egba-iyana ipaja,2026-08-19 13:13:00,2026-08-19 13:00:00,Wednesday,cloudy,26.0,0.14,medium,2,Y/R,mixed,2,5,1.0,3
2026-08-19,ikorodu road,unknown,2026-08-19 21:35:00,2026-08-19 21:00:00,Thursday,mostly cloudy,25.0,0.18,low,1,G,none evident,3,0,0.0,0
2026-08-19,ikorodu road,unknown,2026-08-19 16:46:00,2026-08-19 16:00:00,Sunday,light rain,23.1,0.38,medium,2,Y/R,road segment,6,5,1.0,1
2026-08-12,funsho williams avenue,unknown,2026-08-19 18:04:00,2026-08-19 18:00:00,Tuesday,mostly cloudy,26.0,0.16,high,3,R,mixed,1,2,2.0,3
2026-08-17,ikorodu road,unknown,2026-08-19 12:03:00,2026-08-19 12:00:00,Saturday,partly sunny,27.2,0.08,medium,2,Y/R,junction,5,5,1.0,2
2026-08-14,lagos-abeokuta expressway,abule egba-iyana ipaja,2026-08-19 08:02:00,2026-08-19 08:00:00,Tuesday,cloudy,25.3,0.2,high,3,R,mixed,1,2,2.0,3
2026-08-18,lagos-abeokuta expressway,abule egba-iyana ipaja,2026-08-19 13:27:00,2026-08-19 13:00:00,Sunday,light rain,25.1,0.2,low,1,G/Y,road segment,6,3,0.0,1
2026-08-07,apapa-oshodi expressway,mile2-oshodi,2026-08-19 16:16:00,2026-08-19 16:00:00,Friday,light rain,25.2,0.36,medium,2,G/Y/R,junction,4,6,1.0,2
2026-09-06,lekki-epe expressway,lekkiphase1-ajah,2026-08-19 13:52:00,2026-08-19 13:00:00,Friday,cloudy,26.6,0.25,low,1,G/R,road segment,4,4,0.0,1
2026-08-31,funsho williams avenue,unknown,2026-08-19 19:26:00,2026-08-19 19:00:00,Thursday,light rain,24.8,0.38,high,3,G/Y/R,mixed,3,6,2.0,3
2026-08-17,third mainland bridge,oworonshole-adekunle,2026-08-19 19:28:00,2026-08-19 19:00:00,Thursday,heavy rain,22.2,0.72,medium,2,G/Y/R,road segment,3,6,1.0,1
2026-08-13,third mainland bridge,oworonshole-adekunle,2026-08-19 16:29:00,2026-08-19 16:00:00,Monday,heavy rain,22.4,0.81,medium,2,G/Y,road segment,0,3,1.0,1
2026-08-11,third mainland bridge,oworonshole-adekunle,2026-08-19 19:37:00,2026-08-19 19:00:00,Friday,cloudy,26.6,0.18,high,3,R,mixed,4,2,2.0,3
2026-09-13,lagos-ibadan expressway,ojota-berger,2026-08-19 11:03:00,2026-08-19 11:00:00,Friday,cloudy,25.6,0.17,low,1,G/R,road segment,4,4,0.0,1
2026-08-31,lekki-epe expressway,lekkiphase1-ajah,2026-08-19 15:16:00,2026-08-19 15:00:00,Wednesday,heavy rain,23.4,0.61,medium,2,G/Y/R,road segment,2,6,1.0,1
2026-09-04,funsho williams avenue,unknown,2026-08-19 09:52:00,2026-08-19 09:00:00,Monday,mostly cloudy,25.2,0.18,medium,2,Y/R,mixed,0,5,1.0,3
2026-08-06,funsho williams avenue,unknown,2026-08-19 07:15:00,2026-08-19 07:00:00,Tuesday,light rain,24.0,0.37,high,3,G/Y/R,road segment,1,6,2.0,1
2026-08-20,ikorodu road,unknown,2026-08-19 14:05:00,2026-08-19 14:00:00,Sunday,cloudy,28.0,0.11,medium,2,G/Y,mixed,6,3,1.0,3
2026-09-05,funsho williams avenue,unknown,2026-08-19 08:46:00,2026-08-19 08:00:00,Tuesday,heavy rain,24.2,0.72,medium,2,G/Y/R,mixed,1,6,1.0,3
2026-08-19,lagos-badagry expressway,mile2-festac,2026-08-19 22:13:00,2026-08-19 22:00:00,Sunday,partly sunny,28.1,0.13,low,1,G/Y,road segment,6,3,0.0,1
2026-09-03,ikorodu road,unknown,2026-08-19 13:44:00,2026-08-19 13:00:00,Thursday,heavy rain,23.7,0.71,low,1,G,none evident,3,0,0.0,0
2026-08-30,lagos-badagry expressway,mile2-festac,2026-08-19 07:10:00,2026-08-19 07:00:00,Monday,partly sunny,27.6,0.14,high,3,Y/R,junction,0,5,2.0,2
2026-08-08,lagos-ibadan expressway,ojota-berger,2026-08-19 07:51:00,2026-08-19 07:00:00,Tuesday,light rain,23.8,0.28,high,3,G/Y/R,junction,1,6,2.0,2
2026-08-08,ikorodu road,unknown,2026-08-19 06:14:00,2026-08-19 06:00:00,Thursday,heavy rain,23.0,0.64,low,1,G/Y,road segment,3,3,0.0,1
2026-09-12,lagos-badagry expressway,mile2-festac,2026-08-19 18:24:00,2026-08-19 18:00:00,Sunday,mostly cloudy,24.9,0.15,high,3,R,junction,6,2,2.0,2
2026-08-08,lagos-badagry expressway,mile2-festac,2026-08-19 12:32:00,2026-08-19 12:00:00,Sunday,partly sunny,26.1,0.1,low,1,G,none evident,6,0,0.0,0
2026-08-25,lagos-abeokuta expressway,abule egba-iyana ipaja,2026-08-19 17:06:00,2026-08-19 17:00:00,Sunday,heavy rain,23.3,0.79,high,3,R,junction,6,2,2.0,2
2026-08-13,lagos-abeokuta expressway,abule egba-iyana ipaja,2026-08-19 22:57:00,2026-08-19 22:00:00,Monday,light rain,23.4,0.33,low,1,G/R,none evident,0,4,0.0,0
2026-09-07,lagos-badagry expressway,mile2-festac,2026-08-19 21:22:00,2026-08-19 21:00:00,Friday,cloudy,25.1,0.14,low,1,G,none evident,4,0,0.0,0
2026-09-10,lagos-badagry expressway,mile2-festac,2026-08-19 12:10:00,2026-08-19 12:00:00,Sunday,partly sunny,27.8,0.13,medium,2,G/Y/R,road segment,6,6,1.0,1
2026-08-02,funsho williams avenue,unknown,2026-08-19 19:01:00,2026-08-19 19:00:00,Friday,mostly cloudy,24.9,0.13,medium,2,G/Y,road segment,4,3,1.0,1
2026-08-11,lagos-ibadan expressway,ojota-berger,2026-08-19 18:05:00,2026-08-19 18:00:00,Saturday,mostly cloudy,25.8,0.17,high,3,Y/R,road segment,5,5,2.0,1
2026-09-03,third mainland bridge,oworonshole-adekunle,2026-08-19 09:29:00,2026-08-19 09:00:00,Monday,mostly cloudy,26.3,0.17,high,3,R,junction,0,2,2.0,2
2026-08-08,lagos-badagry expressway,mile2-festac,2026-08-19 15:10:00,2026-08-19 15:00:00,Wednesday,light rain,24.6,0.4,medium,2,G/Y/R,road segment,2,6,1.0,1
2026-09-03,lekki-epe expressway,lekkiphase1-ajah,2026-08-19 13:48:00,2026-08-19 13:00:00,Wednesday,mostly cloudy,24.9,0.16,medium,2,G/Y,junction,2,3,1.0,2
2026-08-22,lekki-epe expressway,lekkiphase1-ajah,2026-08-19 18:09:00,2026-08-19 18:00:00,Saturday,cloudy,25.2,0.18,high,3,G/Y/R,mixed,5,6,2.0,3
2026-09-05,lagos-ibadan expressway,ojota-berger,2026-08-19 08:57:00,2026-08-19 08:00:00,Monday,heavy rain,23.8,0.63,medium,2,G/Y/R,road segment,0,6,1.0,1
2026-08-07,lekki-epe expressway,lekkiphase1-ajah,2026-08-19 11:13:00,2026-08-19 11:00:00,Wednesday,partly sunny,26.0,0.08,low,1,G,none evident,2,0,0.0,0
2026-08-02,funsho williams avenue,unknown,2026-08-19 16:54:00,2026-08-19 16:00:00,Sunday,partly sunny,25.7,0.06,high,3,Y/R,road segment,6,5,2.0,1
2026-08-29,lagos-abeokuta expressway,abule egba-iyana ipaja,2026-08-19 06:42:00,2026-08-19 06:00:00,Thursday,light rain,24.4,0.26,low,1,G/R,none evident,3,4,0.0,0
2026-09-05,ikorodu road,unknown,2026-08-19 11:00:00,2026-08-19 11:00:00,Sunday,light rain,23.7,0.33,low,1,G/R,none evident,6,4,0.0,0
2026-08-07,lagos-abeokuta expressway,abule egba-iyana ipaja,2026-08-19 14:11:00,2026-08-19 14:00:00,Monday,mostly cloudy,24.4,0.19,medium,2,G/Y,junction,0,3,1.0,2
2026-09-15,apapa-oshodi expressway,mile2-oshodi,2026-08-19 17:32:00,2026-08-19 17:00:00,Thursday,cloudy,27.4,0.16,high,3,Y/R,road segment,3,5,2.0,1
2026-09-06,apapa-oshodi expressway,mile2-oshodi,2026-08-19 13:33:00,2026-08-19 13:00:00,Wednesday,mostly cloudy,25.4,0.15,medium,2,G/Y/R,road segment,2,6,1.0,1
2026-08-27,third mainland bridge,oworonshole-adekunle,2026-08-19 22:58:00,2026-08-19 22:00:00,Wednesday,partly sunny,27.4,0.14,low,1,G/R,none evident,2,4,0.0,0
2026-08-11,funsho williams avenue,unknown,2026-08-19 12:11:00,2026-08-19 12:00:00,Monday,light rain,23.2,0.28,low,1,G/Y,none evident,0,3,0.0,0
2026-08-01,lagos-abeokuta expressway,abule egba-iyana ipaja,2026-08-19 20:23:00,2026-08-19 20:00:00,Saturday,cloudy,25.4,0.23,medium,2,Y,mixed,5,1,1.0,3
2026-09-15,lekki-epe expressway,lekkiphase1-ajah,2026-08-19 17:02:00,2026-08-19 17:00:00,Monday,heavy rain,24.2,0.82,high,3,Y/R,mixed,0,5,2.0,3
2026-08-08,third mainland bridge,oworonshole-adekunle,2026-08-19 10:17:00,2026-08-19 10:00:00,Friday,heavy rain,22.4,0.64,low,1,G/Y,none evident,4,3,0.0,0
2026-08-15,third mainland bridge,oworonshole-adekunle,2026-08-19 11:25:00,2026-08-19 11:00:00,Thursday,light rain,23.1,0.31,low,1,G/Y,road segment,3,3,0.0,1
2026-08-28,lagos-badagry expressway,mile2-festac,2026-08-19 16:13:00,2026-08-19 16:00:00,Tuesday,heavy rain,23.4,0.76,high,3,Y/R,junction,1,5,2.0,2
2026-08-10,lagos-badagry expressway,mile2-festac,2026-08-19 07:35:00,2026-08-19 07:00:00,Monday,partly sunny,27.2,0.13,high,3,Y/R,mixed,0,5,2.0,3
2026-09-12,lagos-ibadan expressway,ojota-berger,2026-08-19 20:36:00,2026-08-19 20:00:00,Thursday,heavy rain,24.2,0.84,low,1,G,none evident,3,0,0.0,0
2026-08-03,lagos-ibadan expressway,ojota-berger,2026-08-19 15:42:00,2026-08-19 15:00:00,Thursday,heavy rain,22.7,0.77,medium,2,Y,mixed,3,1,1.0,3
2026-08-07,lagos-badagry expressway,mile2-festac,2026-08-19 20:33:00,2026-08-19 20:00:00,Friday,light rain,23.4,0.38,low,1,G/Y,road segment,4,3,0.0,1
2026-08-11,lekki-epe expressway,lekkiphase1-ajah,2026-08-19 07:14:00,2026-08-19 07:00:00,Tuesday,heavy rain,22.0,0.73,high,3,R,mixed,1,2,2.0,3
2026-09-10,lagos-abeokuta expressway,abule egba-iyana ipaja,2026-08-19 17:34:00,2026-08-19 17:00:00,Monday,mostly cloudy,26.0,0.11,high,3,G/Y/R,mixed,0,6,2.0,3
2026-09-10,lekki-epe expressway,lekkiphase1-ajah,2026-08-19 12:11:00,2026-08-19 12:00:00,Wednesday,light rain,23.3,0.27,medium,2,Y,junction,2,1,1.0,2
2026-09-08,third mainland bridge,oworonshole-adekunle,2026-08-19 17:41:00,2026-08-19 17:00:00,Saturday,partly sunny,28.5,0.1,high,3,R,junction,5,2,2.0,2
2026-08-19,ikorodu road,unknown,2026-08-19 20:21:00,2026-08-19 20:00:00,Saturday,partly sunny,26.9,0.09,low,1,G/R,road segment,5,4,0.0,1
2026-08-28,lagos-abeokuta expressway,abule egba-iyana ipaja,2026-08-19 13:38:00,2026-08-19 13:00:00,Wednesday,heavy rain,22.7,0.55,medium,2,Y,mixed,2,1,1.0,3
2026-08-21,lagos-badagry expressway,mile2-festac,2026-08-19 13:05:00,2026-08-19 13:00:00,Thursday,partly sunny,25.7,0.06,medium,2,G/Y,road segment,3,3,1.0,1
2026-08-12,lagos-badagry expressway,mile2-festac,2026-08-19 07:21:00,2026-08-19 07:00:00,Friday,partly sunny,28.1,0.07,high,3,G/Y/R,road segment,4,6,2.0,1
2026-09-06,lagos-badagry expressway,mile2-festac,2026-08-19 17:14:00,2026-08-19 17:00:00,Thursday,heavy rain,24.4,0.75,high,3,Y/R,junction,3,5,2.0,2
2026-08-18,lagos-abeokuta expressway,abule egba-iyana ipaja,2026-08-19 20:26:00,2026-08-19 20:00:00,Tuesday,partly sunny,25.4,0.14,medium,2,Y/R,junction,1,5,1.0,2
2026-08-11,lagos-ibadan expressway,ojota-berger,2026-08-19 14:30:00,2026-08-19 14:00:00,Saturday,partly sunny,28.6,0.06,low,1,G,none evident,5,0,0.0,0
2026-08-02,lagos-badagry expressway,mile2-festac,2026-08-19 19:47:00,2026-08-19 19:00:00,Thursday,partly sunny,25.4,0.14,high,3,G/Y/R,road segment,3,6,2.0,1
2026-08-09,lagos-ibadan expressway,ojota-berger,2026-08-19 19:01:00,2026-08-19 19:00:00,Wednesday,heavy rain,22.9,0.78,medium,2,G/Y/R,mixed,2,6,1.0,3
2026-09-05,lekki-epe expressway,lekkiphase1-ajah,2026-08-19 06:28:00,2026-08-19 06:00:00,Tuesday,mostly cloudy,24.9,0.12,low,1,G/Y,none evident,1,3,0.0,0
2026-08-18,lagos-badagry expressway,mile2-festac,2026-08-19 10:55:00,2026-08-19 10:00:00,Sunday,light rain,26.0,0.3,low,1,G/Y,none evident,6,3,0.0,0
2026-08-08,apapa-oshodi expressway,mile2-oshodi,2026-08-19 11:21:00,2026-08-19 11:00:00,Wednesday,light rain,23.0,0.28,low,1,G/R,none evident,2,4,0.0,0
2026-09-04,apapa-oshodi expressway,mile2-oshodi,2026-08-19 14:43:00,2026-08-19 14:00:00,Saturday,heavy rain,22.3,0.53,medium,2,G/Y,mixed,5,3,1.0,3
2026-09-01,lagos-ibadan expressway,ojota-berger,2026-08-19 12:36:00,2026-08-19 12:00:00,Thursday,partly sunny,25.6,0.11,low,1,G/Y,none evident,3,3,0.0,0
2026-08-20,lagos-ibadan expressway,ojota-berger,2026-08-19 16:35:00,2026-08-19 16:00:00,Thursday,heavy rain,22.9,0.58,medium,2,Y,junction,3,1,1.0,2
2026-09-07,lagos-abeokuta expressway,abule egba-iyana ipaja,2026-08-19 14:39:00,2026-08-19 14:00:00,Friday,heavy rain,23.6,0.61,low,1,G/Y,none evident,4,3,0.0,0
2026-08-21,lekki-epe expressway,lekkiphase1-ajah,2026-08-19 11:52:00,2026-08-19 11:00:00,Tuesday,light rain,23.5,0.33,low,1,G,road segment,1,0,0.0,1
2026-08-10,lagos-badagry expressway,mile2-festac,2026-08-19 21:43:00,2026-08-19 21:00:00,Saturday,mostly cloudy,26.5,0.2,low,1,G/Y,road segment,5,3,0.0,1
2026-09-08,apapa-oshodi expressway,mile2-oshodi,2026-08-19 11:51:00,2026-08-19 11:00:00,Monday,partly sunny,26.7,0.1,low,1,G/Y,none evident,0,3,0.0,0
2026-09-11,funsho williams avenue,unknown,2026-08-19 21:07:00,2026-08-19 21:00:00,Monday,heavy rain,23.8,0.61,low,1,G/Y,none evident,0,3,0.0,0
2026-08-02,apapa-oshodi expressway,mile2-oshodi,2026-08-19 12:00:00,2026-08-19 12:00:00,Saturday,heavy rain,23.8,0.76,medium,2,Y/R,junction,5,5,1.0,2
2026-09-03,apapa-oshodi expressway,mile2-oshodi,2026-08-19 10:40:00,2026-08-19 10:00:00,Sunday,light rain,23.7,0.25,low,1,G/Y,road segment,6,3,0.0,1
2026-08-27,lagos-ibadan expressway,ojota-berger,2026-08-19 12:37:00,2026-08-19 12:00:00,Wednesday,light rain,23.2,0.33,low,1,G/Y,none evident,2,3,0.0,0
2026-08-01,lagos-ibadan expressway,ojota-berger,2026-08-19 11:49:00,2026-08-19 11:00:00,Wednesday,cloudy,27.2,0.17,low,1,G/R,road segment,2,4,0.0,1
2026-08-05,apapa-oshodi expressway,mile2-oshodi,2026-08-19 15:46:00,2026-08-19 15:00:00,Tuesday,partly sunny,26.2,0.1,medium,2,G/Y/R,junction,1,6,1.0,2
2026-09-10,funsho williams avenue,unknown,2026-08-19 12:30:00,2026-08-19 12:00:00,Saturday,partly sunny,25.5,0.09,low,1,G/R,road segment,5,4,0.0,1
2026-08-25,lagos-ibadan expressway,ojota-berger,2026-08-19 08:34:00,2026-08-19 08:00:00,Wednesday,heavy rain,23.8,0.8,high,3,G/Y/R,mixed,2,6,2.0,3
2026-08-17,lekki-epe expressway,lekkiphase1-ajah,2026-08-19 08:49:00,2026-08-19 08:00:00,Monday,cloudy,27.3,0.13,medium,2,Y,road segment,0,1,1.0,1
2026-08-12,lekki-epe expressway,lekkiphase1-ajah,2026-08-19 08:41:00,2026-08-19 08:00:00,Thursday,light rain,23.6,0.39,high,3,G/Y/R,road segment,3,6,2.0,1
2026-09-02,lagos-ibadan expressway,ojota-berger,2026-08-19 12:04:00,2026-08-19 12:00:00,Friday,mostly cloudy,24.1,0.11,low,1,G/Y,none evident,4,3,0.0,0
2026-09-07,lagos-badagry expressway,mile2-festac,2026-08-19 20:20:00,2026-08-19 20:00:00,Friday,light rain,23.8,0.22,medium,2,Y,road segment,4,1,1.0,1
2026-09-14,lagos-abeokuta expressway,abule egba-iyana ipaja,2026-08-19 09:54:00,2026-08-19 09:00:00,Monday,mostly cloudy,25.5,0.15,high,3,R,junction,0,2,2.0,2
2026-08-28,lagos-abeokuta expressway,abule egba-iyana ipaja,2026-08-19 17:51:00,2026-08-19 17:00:00,Tuesday,heavy rain,22.3,0.82,high,3,R,mixed,1,2,2.0,3
2026-09-01,apapa-oshodi expressway,mile2-oshodi,2026-08-19 20:31:00,2026-08-19 20:00:00,Thursday,partly sunny,27.4,0.11,low,1,G/Y,none evident,3,3,0.0,0
2026-09-09,ikorodu road,unknown,2026-08-19 17:36:00,2026-08-19 17:00:00,Sunday,partly sunny,25.8,0.12,high,3,Y/R,junction,6,5,2.0,2
2026-08-19,lekki-epe expressway,lekkiphase1-ajah,2026-08-19 18:28:00,2026-08-19 18:00:00,Friday,cloudy,27.1,0.13,high,3,R,road segment,4,2,2.0,1
2026-08-27,lagos-ibadan expressway,ojota-berger,2026-08-19 19:37:00,2026-08-19 19:00:00,Friday,heavy rain,23.3,0.55,medium,2,G/Y/R,junction,4,6,1.0,2
2026-08-21,lagos-ibadan expressway,ojota-berger,2026-08-19 10:33:00,2026-08-19 10:00:00,Monday,heavy rain,24.3,0.73,low,1,G,none evident,0,0,0.0,0
2026-08-25,lagos-abeokuta expressway,abule egba-iyana ipaja,2026-08-19 07:38:00,2026-08-19 07:00:00,Wednesday,light rain,25.1,0.23,high,3,R,mixed,2,2,2.0,3
2026-09-08,third mainland bridge,oworonshole-adekunle,2026-08-19 13:29:00,2026-08-19 13:00:00,Wednesday,cloudy,27.0,0.18,low,1,G/R,road segment,2,4,0.0,1
2026-08-11,lagos-badagry expressway,mile2-festac,2026-08-19 11:03:00,2026-08-19 11:00:00,Sunday,light rain,25.1,0.23,low,1,G/Y,none evident,6,3,0.0,0
2026-08-21,apapa-oshodi expressway,mile2-oshodi,2026-08-19 18:46:00,2026-08-19 18:00:00,Saturday,heavy rain,23.6,0.78,high,3,Y/R,junction,5,5,2.0,2
2026-09-12,lagos-abeokuta expressway,abule egba-iyana ipaja,2026-08-19 16:58:00,2026-08-19 16:00:00,Friday,heavy rain,23.4,0.83,high,3,G/Y/R,junction,4,6,2.0,2
2026-08-16,lekki-epe expressway,lekkiphase1-ajah,2026-08-19 08:17:00,2026-08-19 08:00:00,Saturday,cloudy,26.7,0.21,medium,2,Y/R,junction,5,5,1.0,2
2026-09-10,funsho williams avenue,unknown,2026-08-19 16:21:00,2026-08-19 16:00:00,Sunday,partly sunny,25.1,0.1,medium,2,Y/R,junction,6,5,1.0,2
2026-08-14,ikorodu road,unknown,2026-08-19 06:02:00,2026-08-19 06:00:00,Saturday,cloudy,26.6,0.24,low,1,G,none evident,5,0,0.0,0
2026-08-20,lagos-abeokuta expressway,abule egba-iyana ipaja,2026-08-19 19:24:00,2026-08-19 19:00:00,Saturday,partly sunny,27.4,0.1,medium,2,G/Y/R,junction,5,6,1.0,2
2026-08-06,apapa-oshodi expressway,mile2-oshodi,2026-08-19 09:15:00,2026-08-19 09:00:00,Wednesday,light rain,24.1,0.3,high,3,R,junction,2,2,2.0,2
2026-08-06,funsho williams avenue,unknown,2026-08-19 16:20:00,2026-08-19 16:00:00,Saturday,partly sunny,27.3,0.05,high,3,G/Y/R,junction,5,6,2.0,2
2026-08-26,lekki-epe expressway,lekkiphase1-ajah,2026-08-19 14:30:00,2026-08-19 14:00:00,Saturday,light rain,24.1,0.22,medium,2,G/Y,mixed,5,3,1.0,3
2026-09-06,lekki-epe expressway,lekkiphase1-ajah,2026-08-19 06:42:00,2026-08-19 06:00:00,Saturday,heavy rain,23.2,0.5,low,1,G,none evident,5,0,0.0,0
2026-09-09,third mainland bridge,oworonshole-adekunle,2026-08-19 10:34:00,2026-08-19 10:00:00,Monday,heavy rain,24.3,0.82,low,1,G/Y,none evident,0,3,0.0,0
2026-08-30,lekki-epe expressway,lekkiphase1-ajah,2026-08-19 16:21:00,2026-08-19 16:00:00,Wednesday,light rain,24.2,0.29,high,3,G/Y/R,road segment,2,6,2.0,1
2026-08-13,lagos-ibadan expressway,ojota-berger,2026-08-19 06:47:00,2026-08-19 06:00:00,Friday,mostly cloudy,25.6,0.15,low,1,G,none evident,4,0,0.0,0
2026-08-13,ikorodu road,unknown,2026-08-19 17:11:00,2026-08-19 17:00:00,Sunday,partly sunny,26.1,0.12,high,3,Y/R,junction,6,5,2.0,2
2026-08-22,lagos-ibadan expressway,ojota-berger,2026-08-19 16:10:00,2026-08-19 16:00:00,Wednesday,light rain,24.6,0.32,medium,2,Y,junction,2,1,1.0,2
2026-08-04,apapa-oshodi expressway,mile2-oshodi,2026-08-19 17:38:00,2026-08-19 17:00:00,Wednesday,light rain,25.6,0.28,high,3,Y/R,junction,2,5,2.0,2
2026-08-20,funsho williams avenue,unknown,2026-08-19 09:28:00,2026-08-19 09:00:00,Friday,heavy rain,24.4,0.81,medium,2,G/Y,mixed,4,3,1.0,3
2026-09-02,third mainland bridge,oworonshole-adekunle,2026-08-19 13:26:00,2026-08-19 13:00:00,Monday,mostly cloudy,24.7,0.17,medium,2,Y/R,mixed,0,5,1.0,3
2026-08-24,lekki-epe expressway,lekkiphase1-ajah,2026-08-19 13:55:00,2026-08-19 13:00:00,Sunday,heavy rain,24.1,0.51,low,1,G,none evident,6,0,0.0,0
2026-08-07,lagos-ibadan expressway,ojota-berger,2026-08-19 22:30:00,2026-08-19 22:00:00,Thursday,partly sunny,26.2,0.06,low,1,G/R,road segment,3,4,0.0,1
2026-08-14,ikorodu road,unknown,2026-08-19 12:10:00,2026-08-19 12:00:00,Tuesday,cloudy,26.2,0.24,low,1,G,none evident,1,0,0.0,0
2026-08-19,funsho williams avenue,unknown,2026-08-19 12:56:00,2026-08-19 12:00:00,Tuesday,partly sunny,28.5,0.05,low,1,G/Y,road segment,1,3,0.0,1
2026-08-25,ikorodu road,unknown,2026-08-19 17:50:00,2026-08-19 17:00:00,Saturday,mostly cloudy,26.6,0.15,high,3,Y/R,road segment,5,5,2.0,1
2026-08-28,third mainland bridge,oworonshole-adekunle,2026-08-19 19:09:00,2026-08-19 19:00:00,Tuesday,partly sunny,25.9,0.11,medium,2,G/Y/R,mixed,1,6,1.0,3
2026-09-08,lekki-epe expressway,lekkiphase1-ajah,2026-08-19 21:41:00,2026-08-19 21:00:00,Thursday,partly sunny,25.6,0.07,low,1,G,none evident,3,0,0.0,0
2026-08-17,lagos-badagry expressway,mile2-festac,2026-08-19 18:17:00,2026-08-19 18:00:00,Saturday,cloudy,26.0,0.13,high,3,Y/R,mixed,5,5,2.0,3
2026-09-11,lagos-badagry expressway,mile2-festac,2026-08-19 12:57:00,2026-08-19 12:00:00,Thursday,mostly cloudy,25.2,0.1,medium,2,G/Y,junction,3,3,1.0,2
2026-09-10,third mainland bridge,oworonshole-adekunle,2026-08-19 13:13:00,2026-08-19 13:00:00,Tuesday,partly sunny,25.7,0.07,low,1,G/R,none evident,1,4,0.0,0
2026-09-11,lagos-badagry expressway,mile2-festac,2026-08-19 08:18:00,2026-08-19 08:00:00,Wednesday,heavy rain,24.4,0.84,high,3,Y/R,road segment,2,5,2.0,1
2026-09-06,ikorodu road,unknown,2026-08-19 22:07:00,2026-08-19 22:00:00,Monday,light rain,23.8,0.22,low,1,G/Y,none evident,0,3,0.0,0
2026-08-13,apapa-oshodi expressway,mile2-oshodi,2026-08-19 13:49:00,2026-08-19 13:00:00,Thursday,mostly cloudy,25.2,0.11,low,1,G/R,none evident,3,4,0.0,0
2026-09-11,ikorodu road,unknown,2026-08-19 14:14:00,2026-08-19 14:00:00,Sunday,mostly cloudy,26.2,0.12,medium,2,Y,mixed,6,1,1.0,3
2026-08-06,lekki-epe expressway,lekkiphase1-ajah,2026-08-19 08:59:00,2026-08-19 08:00:00,Wednesday,light rain,24.1,0.31,medium,2,Y,road segment,2,1,1.0,1
2026-08-18,lagos-badagry expressway,mile2-festac,2026-08-19 16:46:00,2026-08-19 16:00:00,Thursday,cloudy,27.1,0.22,high,3,G/Y/R,mixed,3,6,2.0,3
2026-09-03,lagos-badagry expressway,mile2-festac,2026-08-19 14:04:00,2026-08-19 14:00:00,Tuesday,mostly cloudy,25.8,0.17,medium,2,G/Y/R,junction,1,6,1.0,2
2026-08-15,lagos-ibadan expressway,ojota-berger,2026-08-19 16:49:00,2026-08-19 16:00:00,Sunday,light rain,23.5,0.34,high,3,Y/R,mixed,6,5,2.0,3
2026-09-01,apapa-oshodi expressway,mile2-oshodi,2026-08-19 18:26:00,2026-08-19 18:00:00,Sunday,light rain,25.8,0.27,high,3,R,mixed,6,2,2.0,3
2026-08-05,ikorodu road,unknown,2026-08-19 06:06:00,2026-08-19 06:00:00,Wednesday,heavy rain,24.0,0.64,low,1,G/R,none evident,2,4,0.0,0
2026-08-12,ikorodu road,unknown,2026-08-19 06:51:00,2026-08-19 06:00:00,Saturday,light rain,25.2,0.36,low,1,G,none evident,5,0,0.0,0
2026-09-05,third mainland bridge,oworonshole-adekunle,2026-08-19 16:13:00,2026-08-19 16:00:00,Wednesday,cloudy,25.1,0.22,high,3,G/Y/R,junction,2,6,2.0,2
2026-08-13,apapa-oshodi expressway,mile2-oshodi,2026-08-19 10:42:00,2026-08-19 10:00:00,Saturday,heavy rain,24.2,0.66,low,1,G/R,none evident,5,4,0.0,0
2026-08-30,lekki-epe expressway,lekkiphase1-ajah,2026-08-19 08:14:00,2026-08-19 08:00:00,Monday,light rain,23.7,0.2,medium,2,Y/R,junction,0,5,1.0,2
2026-08-05,apapa-oshodi expressway,mile2-oshodi,2026-08-19 20:56:00,2026-08-19 20:00:00,Tuesday,mostly cloudy,26.2,0.16,low,1,G/Y,none evident,1,3,0.0,0
2026-08-26,funsho williams avenue,unknown,2026-08-19 09:44:00,2026-08-19 09:00:00,Friday,light rain,25.2,0.2,medium,2,G/Y/R,junction,4,6,1.0,2
2026-08-07,lekki-epe expressway,lekkiphase1-ajah,2026-08-19 16:20:00,2026-08-19 16:00:00,Sunday,mostly cloudy,26.3,0.19,high,3,Y/R,road segment,6,5,2.0,1
2026-08-21,apapa-oshodi expressway,mile2-oshodi,2026-08-19 21:07:00,2026-08-19 21:00:00,Tuesday,mostly cloudy,25.1,0.13,low,1,G/Y,none evident,1,3,0.0,0
2026-09-02,lekki-epe expressway,lekkiphase1-ajah,2026-08-19 08:01:00,2026-08-19 08:00:00,Thursday,light rain,23.8,0.23,medium,2,Y,road segment,3,1,1.0,1
2026-09-03,third mainland bridge,oworonshole-adekunle,2026-08-19 20:14:00,2026-08-19 20:00:00,Friday,cloudy,27.9,0.17,low,1,G/R,none evident,4,4,0.0,0
2026-08-13,lagos-ibadan expressway,ojota-berger,2026-08-19 20:20:00,2026-08-19 20:00:00,Wednesday,light rain,23.8,0.37,low,1,G/Y,road segment,2,3,0.0,1
2026-09-02,funsho williams avenue,unknown,2026-08-19 20:30:00,2026-08-19 20:00:00,Thursday,mostly cloudy,24.3,0.12,low,1,G,road segment,3,0,0.0,1
2026-09-10,funsho williams avenue,unknown,2026-08-19 19:45:00,2026-08-19 19:00:00,Tuesday,partly sunny,26.9,0.1,high,3,Y/R,road segment,1,5,2.0,1
2026-08-21,funsho williams avenue,unknown,2026-08-19 20:41:00,2026-08-19 20:00:00,Tuesday,cloudy,25.3,0.21,low,1,G/Y,none evident,1,3,0.0,0
2026-09-12,third mainland bridge,oworonshole-adekunle,2026-08-19 17:13:00,2026-08-19 17:00:00,Saturday,light rain,25.2,0.3,high,3,Y/R,junction,5,5,2.0,2
2026-08-04,lagos-ibadan expressway,ojota-berger,2026-08-19 12:10:00,2026-08-19 12:00:00,Monday,light rain,24.8,0.35,low,1,G/R,road segment,0,4,0.0,1
2026-09-07,lagos-badagry expressway,mile2-festac,2026-08-19 20:02:00,2026-08-19 20:00:00,Thursday,cloudy,25.9,0.22,medium,2,G/Y,junction,3,3,1.0,2
2026-08-26,third mainland bridge,oworonshole-adekunle,2026-08-19 22:06:00,2026-08-19 22:00:00,Tuesday,light rain,23.8,0.32,low,1,G/Y,road segment,1,3,0.0,1
2026-08-12,lagos-badagry expressway,mile2-festac,2026-08-19 08:00:00,2026-08-19 08:00:00,Monday,heavy rain,24.5,0.62,medium,2,Y,road segment,0,1,1.0,1
2026-08-04,funsho williams avenue,unknown,2026-08-19 19:26:00,2026-08-19 19:00:00,Saturday,heavy rain,23.9,0.75,medium,2,G/Y/R,mixed,5,6,1.0,3
2026-08-18,lekki-epe expressway,lekkiphase1-ajah,2026-08-19 10:13:00,2026-08-19 10:00:00,Thursday,partly sunny,25.1,0.12,low,1,G,none evident,3,0,0.0,0
2026-08-12,lagos-ibadan expressway,ojota-berger,2026-08-19 13:13:00,2026-08-19 13:00:00,Thursday,heavy rain,23.5,0.7,low,1,G/Y,none evident,3,3,0.0,0
2026-08-21,apapa-oshodi expressway,mile2-oshodi,2026-08-19 17:55:00,2026-08-19 17:00:00,Wednesday,mostly cloudy,24.3,0.14,high,3,Y/R,junction,2,5,2.0,2
2026-08-04,lekki-epe expressway,lekkiphase1-ajah,2026-08-19 17:43:00,2026-08-19 17:00:00,Saturday,cloudy,25.9,0.24,high,3,Y/R,junction,5,5,2.0,2
2026-08-13,third mainland bridge,oworonshole-adekunle,2026-08-19 08:39:00,2026-08-19 08:00:00,Sunday,light rain,24.0,0.39,medium,2,Y/R,mixed,6,5,1.0,3
2026-08-14,lagos-abeokuta expressway,abule egba-iyana ipaja,2026-08-19 19:33:00,2026-08-19 19:00:00,Saturday,heavy rain,24.4,0.8,medium,2,Y/R,road segment,5,5,1.0,1
2026-08-02,ikorodu road,unknown,2026-08-19 13:59:00,2026-08-19 13:00:00,Monday,mostly cloudy,26.6,0.14,medium,2,Y,road segment,0,1,1.0,1
2026-08-17,apapa-oshodi expressway,mile2-oshodi,2026-08-19 12:14:00,2026-08-19 12:00:00,Thursday,heavy rain,23.9,0.68,low,1,G/R,road segment,3,4,0.0,1
2026-08-30,lagos-abeokuta expressway,abule egba-iyana ipaja,2026-08-19 21:19:00,2026-08-19 21:00:00,Thursday,partly sunny,25.4,0.08,low,1,G/Y,none evident,3,3,0.0,0
2026-09-12,lagos-badagry expressway,mile2-festac,2026-08-19 20:06:00,2026-08-19 20:00:00,Sunday,light rain,24.1,0.29,medium,2,G/Y/R,road segment,6,6,1.0,1
2026-08-31,lagos-abeokuta expressway,abule egba-iyana ipaja,2026-08-19 20:23:00,2026-08-19 20:00:00,Wednesday,heavy rain,23.5,0.64,low,1,G/R,none evident,2,4,0.0,0
2026-08-28,apapa-oshodi expressway,mile2-oshodi,2026-08-19 12:15:00,2026-08-19 12:00:00,Wednesday,cloudy,25.4,0.1,medium,2,Y,mixed,2,1,1.0,3
2026-09-13,lagos-badagry expressway,mile2-festac,2026-08-19 16:20:00,2026-08-19 16:00:00,Sunday,partly sunny,28.1,0.06,medium,2,G/Y/R,road segment,6,6,1.0,1
2026-09-01,third mainland bridge,oworonshole-adekunle,2026-08-19 08:22:00,2026-08-19 08:00:00,Saturday,heavy rain,22.1,0.55,medium,2,Y/R,junction,5,5,1.0,2
2026-08-08,funsho williams avenue,unknown,2026-08-19 19:43:00,2026-08-19 19:00:00,Monday,cloudy,26.0,0.24,high,3,Y/R,mixed,0,5,2.0,3
2026-08-26,lagos-ibadan expressway,ojota-berger,2026-08-19 12:30:00,2026-08-19 12:00:00,Saturday,partly sunny,25.9,0.12,medium,2,Y,junction,5,1,1.0,2
2026-08-12,lagos-abeokuta expressway,abule egba-iyana ipaja,2026-08-19 19:59:00,2026-08-19 19:00:00,Wednesday,heavy rain,23.0,0.52,high,3,R,junction,2,2,2.0,2
2026-08-28,third mainland bridge,oworonshole-adekunle,2026-08-19 20:14:00,2026-08-19 20:00:00,Saturday,mostly cloudy,25.1,0.18,medium,2,Y/R,mixed,5,5,1.0,3
2026-08-22,lagos-badagry expressway,mile2-festac,2026-08-19 13:20:00,2026-08-19 13:00:00,Wednesday,light rain,23.6,0.37,medium,2,G/Y/R,junction,2,6,1.0,2
2026-08-01,lekki-epe expressway,lekkiphase1-ajah,2026-08-19 22:34:00,2026-08-19 22:00:00,Monday,light rain,23.4,0.38,low,1,G/R,road segment,0,4,0.0,1
2026-08-10,funsho williams avenue,unknown,2026-08-19 06:12:00,2026-08-19 06:00:00,Saturday,partly sunny,27.8,0.08,low,1,G/Y,none evident,5,3,0.0,0
2026-08-26,lekki-epe expressway,lekkiphase1-ajah,2026-08-19 07:47:00,2026-08-19 07:00:00,Tuesday,cloudy,26.3,0.14,high,3,G/Y/R,mixed,1,6,2.0,3
2026-08-27,lagos-abeokuta expressway,abule egba-iyana ipaja,2026-08-19 13:51:00,2026-08-19 13:00:00,Monday,heavy rain,24.2,0.66,low,1,G/R,road segment,0,4,0.0,1
2026-09-08,lekki-epe expressway,lekkiphase1-ajah,2026-08-19 20:25:00,2026-08-19 20:00:00,Tuesday,partly sunny,28.9,0.08,medium,2,G/Y,mixed,1,3,1.0,3
2026-08-30,third mainland bridge,oworonshole-adekunle,2026-08-19 16:20:00,2026-08-19 16:00:00,Friday,light rain,24.2,0.37,high,3,R,mixed,4,2,2.0,3
2026-08-08,lekki-epe expressway,lekkiphase1-ajah,2026-08-19 21:52:00,2026-08-19 21:00:00,Tuesday,cloudy,25.2,0.11,low,1,G/Y,road segment,1,3,0.0,1
2026-09-05,apapa-oshodi expressway,mile2-oshodi,2026-08-19 16:44:00,2026-08-19 16:00:00,Saturday,cloudy,26.2,0.16,high,3,G/Y/R,mixed,5,6,2.0,3
2026-08-13,lagos-abeokuta expressway,abule egba-iyana ipaja,2026-08-19 10:54:00,2026-08-19 10:00:00,Monday,partly sunny,27.4,0.05,low,1,G,road segment,0,0,0.0,1
2026-08-16,ikorodu road,unknown,2026-08-19 19:24:00,2026-08-19 19:00:00,Tuesday,heavy rain,23.9,0.79,high,3,G/Y/R,mixed,1,6,2.0,3
2026-08-12,ikorodu road,unknown,2026-08-19 08:18:00,2026-08-19 08:00:00,Monday,mostly cloudy,26.0,0.12,medium,2,G/Y,junction,0,3,1.0,2
2026-09-12,ikorodu road,unknown,2026-08-19 17:40:00,2026-08-19 17:00:00,Thursday,light rain,23.9,0.36,high,3,G/Y/R,mixed,3,6,2.0,3
2026-09-12,lagos-ibadan expressway,ojota-berger,2026-08-19 14:04:00,2026-08-19 14:00:00,Thursday,light rain,25.2,0.29,medium,2,Y,junction,3,1,1.0,2
2026-08-07,lagos-ibadan expressway,ojota-berger,2026-08-19 18:56:00,2026-08-19 18:00:00,Monday,mostly cloudy,26.0,0.12,high,3,Y/R,mixed,0,5,2.0,3
2026-08-07,apapa-oshodi expressway,mile2-oshodi,2026-08-19 22:50:00,2026-08-19 22:00:00,Monday,mostly cloudy,26.6,0.12,low,1,G/Y,none evident,0,3,0.0,0
2026-08-02,apapa-oshodi expressway,mile2-oshodi,2026-08-19 17:04:00,2026-08-19 17:00:00,Saturday,mostly cloudy,24.4,0.2,high,3,G/Y/R,mixed,5,6,2.0,3
2026-09-08,funsho williams avenue,unknown,2026-08-19 20:16:00,2026-08-19 20:00:00,Saturday,cloudy,26.9,0.1,low,1,G,road segment,5,0,0.0,1
2026-09-10,third mainland bridge,oworonshole-adekunle,2026-08-19 12:22:00,2026-08-19 12:00:00,Sunday,mostly cloudy,24.2,0.19,low,1,G/Y,none evident,6,3,0.0,0
2026-09-05,ikorodu road,unknown,2026-08-19 18:09:00,2026-08-19 18:00:00,Sunday,heavy rain,22.2,0.7,high,3,G/Y/R,road segment,6,6,2.0,1
2026-09-05,funsho williams avenue,unknown,2026-08-19 08:22:00,2026-08-19 08:00:00,Wednesday,light rain,23.0,0.24,medium,2,G/Y,mixed,2,3,1.0,3
2026-08-02,lekki-epe expressway,lekkiphase1-ajah,2026-08-19 21:51:00,2026-08-19 21:00:00,Wednesday,heavy rain,23.8,0.64,low,1,G/Y,road segment,2,3,0.0,1
2026-08-16,lagos-badagry expressway,mile2-festac,2026-08-19 13:40:00,2026-08-19 13:00:00,Thursday,heavy rain,23.7,0.51,medium,2,G/Y,road segment,3,3,1.0,1
2026-08-04,lekki-epe expressway,lekkiphase1-ajah,2026-08-19 10:05:00,2026-08-19 10:00:00,Monday,partly sunny,25.7,0.1,low,1,G,road segment,0,0,0.0,1
2026-08-01,lagos-abeokuta expressway,abule egba-iyana ipaja,2026-08-19 20:55:00,2026-08-19 20:00:00,Monday,mostly cloudy,25.7,0.13,low,1,G/R,none evident,0,4,0.0,0
2026-08-17,lekki-epe expressway,lekkiphase1-ajah,2026-08-19 08:58:00,2026-08-19 08:00:00,Monday,cloudy,25.7,0.19,high,3,R,road segment,0,2,2.0,1
2026-09-07,lagos-ibadan expressway,ojota-berger,2026-08-19 17:24:00,2026-08-19 17:00:00,Saturday,partly sunny,27.3,0.12,high,3,Y/R,junction,5,5,2.0,2
2026-08-14,lagos-abeokuta expressway,abule egba-iyana ipaja,2026-08-19 14:55:00,2026-08-19 14:00:00,Wednesday,light rain,24.8,0.34,low,1,G,road segment,2,0,0.0,1
2026-08-03,lagos-abeokuta expressway,abule egba-iyana ipaja,2026-08-19 18:12:00,2026-08-19 18:00:00,Thursday,mostly cloudy,24.9,0.18,high,3,G/Y/R,mixed,3,6,2.0,3
2026-08-10,third mainland bridge,oworonshole-adekunle,2026-08-19 16:06:00,2026-08-19 16:00:00,Friday,partly sunny,25.9,0.08,medium,2,Y,road segment,4,1,1.0,1
2026-08-28,ikorodu road,unknown,2026-08-19 17:22:00,2026-08-19 17:00:00,Thursday,light rain,24.6,0.22,high,3,R,mixed,3,2,2.0,3
2026-08-05,ikorodu road,unknown,2026-08-19 19:16:00,2026-08-19 19:00:00,Saturday,heavy rain,22.6,0.84,medium,2,Y/R,junction,5,5,1.0,2
2026-08-16,lagos-badagry expressway,mile2-festac,2026-08-19 19:47:00,2026-08-19 19:00:00,Thursday,partly sunny,28.6,0.13,medium,2,Y/R,mixed,3,5,1.0,3
2026-08-26,third mainland bridge,oworonshole-adekunle,2026-08-19 13:38:00,2026-08-19 13:00:00,Wednesday,mostly cloudy,26.9,0.13,medium,2,Y/R,junction,2,5,1.0,2
2026-08-11,lekki-epe expressway,lekkiphase1-ajah,2026-08-19 10:47:00,2026-08-19 10:00:00,Wednesday,light rain,24.5,0.4,low,1,G/R,road segment,2,4,0.0,1
2026-08-11,lagos-ibadan expressway,ojota-berger,2026-08-19 10:16:00,2026-08-19 10:00:00,Tuesday,light rain,24.2,0.23,low,1,G/R,road segment,1,4,0.0,1
2026-09-03,third mainland bridge,oworonshole-adekunle,2026-08-19 13:48:00,2026-08-19 13:00:00,Sunday,cloudy,25.9,0.24,low,1,G/Y,none evident,6,3,0.0,0
2026-08-24,lagos-badagry expressway,mile2-festac,2026-08-19 13:29:00,2026-08-19 13:00:00,Saturday,mostly cloudy,27.0,0.19,medium,2,G/Y,junction,5,3,1.0,2
2026-08-07,lagos-badagry expressway,mile2-festac,2026-08-19 19:54:00,2026-08-19 19:00:00,Wednesday,mostly cloudy,26.7,0.12,medium,2,G/Y/R,road segment,2,6,1.0,1
2026-09-12,lagos-abeokuta expressway,abule egba-iyana ipaja,2026-08-19 16:01:00,2026-08-19 16:00:00,Sunday,heavy rain,23.0,0.64,medium,2,G/Y/R,junction,6,6,1.0,2
2026-09-09,lagos-ibadan expressway,ojota-berger,2026-08-19 13:59:00,2026-08-19 13:00:00,Tuesday,partly sunny,25.2,0.13,medium,2,G/Y/R,junction,1,6,1.0,2
2026-08-04,lekki-epe expressway,lekkiphase1-ajah,2026-08-19 18:03:00,2026-08-19 18:00:00,Tuesday,partly sunny,26.5,0.08,high,3,Y/R,road segment,1,5,2.0,1
2026-08-08,lekki-epe expressway,lekkiphase1-ajah,2026-08-19 18:01:00,2026-08-19 18:00:00,Friday,mostly cloudy,25.9,0.12,high,3,Y/R,mixed,4,5,2.0,3
2026-08-12,lagos-ibadan expressway,ojota-berger,2026-08-19 17:02:00,2026-08-19 17:00:00,Sunday,mostly cloudy,25.0,0.16,high,3,G/Y/R,mixed,6,6,2.0,3
2026-09-02,funsho williams avenue,unknown,2026-08-19 11:51:00,2026-08-19 11:00:00,Saturday,mostly cloudy,24.4,0.16,low,1,G,road segment,5,0,0.0,1
2026-09-06,apapa-oshodi expressway,mile2-oshodi,2026-08-19 10:55:00,2026-08-19 10:00:00,Monday,light rain,25.9,0.3,low,1,G/Y,road segment,0,3,0.0,1
2026-09-03,lagos-badagry expressway,mile2-festac,2026-08-19 17:42:00,2026-08-19 17:00:00,Monday,partly sunny,25.3,0.14,high,3,R,junction,0,2,2.0,2
2026-08-12,funsho williams avenue,unknown,2026-08-19 08:25:00,2026-08-19 08:00:00,Tuesday,heavy rain,22.1,0.65,medium,2,G/Y/R,road segment,1,6,1.0,1
2026-08-25,funsho williams avenue,unknown,2026-08-19 19:55:00,2026-08-19 19:00:00,Thursday,partly sunny,26.7,0.11,high,3,Y/R,road segment,3,5,2.0,1
2026-08-28,lagos-badagry expressway,mile2-festac,2026-08-19 08:34:00,2026-08-19 08:00:00,Monday,heavy rain,23.5,0.77,high,3,R,junction,0,2,2.0,2
2026-08-25,lagos-abeokuta expressway,abule egba-iyana ipaja,2026-08-19 09:01:00,2026-08-19 09:00:00,Wednesday,light rain,25.3,0.39,high,3,R,mixed,2,2,2.0,3
2026-08-29,ikorodu road,unknown,2026-08-19 22:28:00,2026-08-19 22:00:00,Sunday,light rain,23.9,0.36,low,1,G,none evident,6,0,0.0,0
2026-09-05,third mainland bridge,oworonshole-adekunle,2026-08-19 10:03:00,2026-08-19 10:00:00,Sunday,partly sunny,25.9,0.13,low,1,G/Y,none evident,6,3,0.0,0
2026-08-19,apapa-oshodi expressway,mile2-oshodi,2026-08-19 08:50:00,2026-08-19 08:00:00,Monday,cloudy,27.3,0.23,high,3,R,road segment,0,2,2.0,1
2026-09-11,apapa-oshodi expressway,mile2-oshodi,2026-08-19 12:35:00,2026-08-19 12:00:00,Friday,mostly cloudy,26.1,0.17,medium,2,Y,junction,4,1,1.0,2
2026-09-07,third mainland bridge,oworonshole-adekunle,2026-08-19 07:41:00,2026-08-19 07:00:00,Friday,light rain,24.3,0.38,high,3,Y/R,junction,4,5,2.0,2
2026-09-14,third mainland bridge,oworonshole-adekunle,2026-08-19 22:15:00,2026-08-19 22:00:00,Monday,light rain,24.6,0.35,low,1,G/R,none evident,0,4,0.0,0
2026-09-06,lekki-epe expressway,lekkiphase1-ajah,2026-08-19 14:25:00,2026-08-19 14:00:00,Wednesday,heavy rain,24.4,0.66,medium,2,Y,mixed,2,1,1.0,3
2026-09-05,funsho williams avenue,unknown,2026-08-19 18:27:00,2026-08-19 18:00:00,Sunday,cloudy,26.0,0.12,high,3,Y/R,mixed,6,5,2.0,3
2026-08-08,lagos-ibadan expressway,ojota-berger,2026-08-19 20:06:00,2026-08-19 20:00:00,Sunday,mostly cloudy,26.6,0.19,medium,2,Y/R,junction,6,5,1.0,2
2026-08-12,funsho williams avenue,unknown,2026-08-19 07:42:00,2026-08-19 07:00:00,Wednesday,cloudy,26.6,0.22,high,3,R,junction,2,2,2.0,2
2026-08-24,lagos-badagry expressway,mile2-festac,2026-08-19 08:03:00,2026-08-19 08:00:00,Tuesday,mostly cloudy,24.1,0.17,medium,2,G/Y/R,road segment,1,6,1.0,1
2026-08-30,lekki-epe expressway,lekkiphase1-ajah,2026-08-19 14:18:00,2026-08-19 14:00:00,Friday,partly sunny,28.4,0.15,medium,2,G/Y,road segment,4,3,1.0,1
2026-08-14,lagos-badagry expressway,mile2-festac,2026-08-19 16:31:00,2026-08-19 16:00:00,Monday,light rain,25.8,0.36,medium,2,G/Y,junction,0,3,1.0,2
2026-08-29,third mainland bridge,oworonshole-adekunle,2026-08-19 16:56:00,2026-08-19 16:00:00,Tuesday,mostly cloudy,26.5,0.19,high,3,G/Y/R,road segment,1,6,2.0,1
2026-08-25,lekki-epe expressway,lekkiphase1-ajah,2026-08-19 08:43:00,2026-08-19 08:00:00,Tuesday,partly sunny,27.2,0.08,high,3,Y/R,road segment,1,5,2.0,1
2026-08-05,apapa-oshodi expressway,mile2-oshodi,2026-08-19 18:06:00,2026-08-19 18:00:00,Friday,heavy rain,23.2,0.85,high,3,R,junction,4,2,2.0,2
2026-08-28,lagos-ibadan expressway,ojota-berger,2026-08-19 17:13:00,2026-08-19 17:00:00,Saturday,heavy rain,22.7,0.53,high,3,Y/R,mixed,5,5,2.0,3
2026-09-09,lekki-epe expressway,lekkiphase1-ajah,2026-08-19 13:29:00,2026-08-19 13:00:00,Wednesday,heavy rain,23.9,0.69,low,1,G/R,none evident,2,4,0.0,0
2026-09-13,funsho williams avenue,unknown,2026-08-19 20:27:00,2026-08-19 20:00:00,Thursday,heavy rain,22.5,0.58,medium,2,Y/R,mixed,3,5,1.0,3
2026-08-28,third mainland bridge,oworonshole-adekunle,2026-08-19 20:11:00,2026-08-19 20:00:00,Tuesday,light rain,25.2,0.38,low,1,G/Y,none evident,1,3,0.0,0
2026-09-06,ikorodu road,unknown,2026-08-19 19:19:00,2026-08-19 19:00:00,Saturday,mostly cloudy,24.8,0.14,medium,2,Y/R,road segment,5,5,1.0,1
2026-09-13,apapa-oshodi expressway,mile2-oshodi,2026-08-19 19:35:00,2026-08-19 19:00:00,Sunday,light rain,24.7,0.27,medium,2,Y/R,road segment,6,5,1.0,1
2026-08-27,lagos-ibadan expressway,ojota-berger,2026-08-19 17:43:00,2026-08-19 17:00:00,Wednesday,heavy rain,24.1,0.84,high,3,G/Y/R,junction,2,6,2.0,2
2026-08-26,third mainland bridge,oworonshole-adekunle,2026-08-19 11:24:00,2026-08-19 11:00:00,Saturday,cloudy,26.3,0.12,low,1,G/Y,none evident,5,3,0.0,0
2026-09-03,lekki-epe expressway,lekkiphase1-ajah,2026-08-19 22:34:00,2026-08-19 22:00:00,Thursday,mostly cloudy,24.2,0.17,low,1,G/R,road segment,3,4,0.0,1
2026-09-03,ikorodu road,unknown,2026-08-19 18:20:00,2026-08-19 18:00:00,Saturday,cloudy,25.4,0.21,high,3,G/Y/R,mixed,5,6,2.0,3
2026-08-12,lagos-ibadan expressway,ojota-berger,2026-08-19 18:44:00,2026-08-19 18:00:00,Sunday,partly sunny,26.2,0.12,high,3,Y/R,junction,6,5,2.0,2
2026-08-29,lekki-epe expressway,lekkiphase1-ajah,2026-08-19 13:29:00,2026-08-19 13:00:00,Monday,heavy rain,24.3,0.68,low,1,G/Y,none evident,0,3,0.0,0
2026-08-27,funsho williams avenue,unknown,2026-08-19 19:22:00,2026-08-19 19:00:00,Monday,partly sunny,27.1,0.08,medium,2,Y/R,junction,0,5,1.0,2
2026-08-30,lagos-ibadan expressway,ojota-berger,2026-08-19 14:29:00,2026-08-19 14:00:00,Saturday,light rain,23.7,0.29,low,1,G/R,road segment,5,4,0.0,1
2026-09-02,lagos-badagry expressway,mile2-festac,2026-08-19 08:24:00,2026-08-19 08:00:00,Wednesday,mostly cloudy,25.9,0.14,high,3,Y/R,mixed,2,5,2.0,3
2026-08-03,lagos-badagry expressway,mile2-festac,2026-08-19 22:41:00,2026-08-19 22:00:00,Sunday,mostly cloudy,26.6,0.1,low,1,G,road segment,6,0,0.0,1
2026-09-01,ikorodu road,unknown,2026-08-19 08:37:00,2026-08-19 08:00:00,Wednesday,mostly cloudy,25.3,0.2,high,3,G/Y/R,road segment,2,6,2.0,1
2026-08-09,lekki-epe expressway,lekkiphase1-ajah,2026-08-19 16:29:00,2026-08-19 16:00:00,Tuesday,mostly cloudy,25.5,0.15,high,3,G/Y/R,road segment,1,6,2.0,1
2026-08-05,lagos-ibadan expressway,ojota-berger,2026-08-19 06:21:00,2026-08-19 06:00:00,Friday,cloudy,26.0,0.16,low,1,G,none evident,4,0,0.0,0
2026-09-15,lagos-abeokuta expressway,abule egba-iyana ipaja,2026-08-19 17:52:00,2026-08-19 17:00:00,Thursday,partly sunny,28.8,0.13,high,3,G/Y/R,road segment,3,6,2.0,1
2026-09-11,apapa-oshodi expressway,mile2-oshodi,2026-08-19 20:20:00,2026-08-19 20:00:00,Monday,heavy rain,24.5,0.64,medium,2,Y,road segment,0,1,1.0,1
2026-08-16,lekki-epe expressway,lekkiphase1-ajah,2026-08-19 22:34:00,2026-08-19 22:00:00,Friday,heavy rain,22.7,0.77,low,1,G/R,none evident,4,4,0.0,0
2026-08-06,apapa-oshodi expressway,mile2-oshodi,2026-08-19 20:42:00,2026-08-19 20:00:00,Thursday,light rain,24.1,0.31,medium,2,G/Y/R,mixed,3,6,1.0,3
2026-08-24,lagos-ibadan expressway,ojota-berger,2026-08-19 12:17:00,2026-08-19 12:00:00,Sunday,heavy rain,22.5,0.83,medium,2,G/Y/R,junction,6,6,1.0,2
2026-08-01,ikorodu road,unknown,2026-08-19 08:45:00,2026-08-19 08:00:00,Thursday,partly sunny,25.2,0.13,medium,2,Y/R,road segment,3,5,1.0,1
2026-08-19,lagos-ibadan expressway,ojota-berger,2026-08-19 07:18:00,2026-08-19 07:00:00,Wednesday,light rain,24.9,0.35,high,3,Y/R,road segment,2,5,2.0,1
2026-08-20,apapa-oshodi expressway,mile2-oshodi,2026-08-19 20:15:00,2026-08-19 20:00:00,Monday,mostly cloudy,25.9,0.12,low,1,G/R,road segment,0,4,0.0,1
2026-08-30,lagos-abeokuta expressway,abule egba-iyana ipaja,2026-08-19 20:19:00,2026-08-19 20:00:00,Wednesday,cloudy,26.0,0.15,medium,2,G/Y,road segment,2,3,1.0,1
2026-08-12,ikorodu road,unknown,2026-08-19 11:18:00,2026-08-19 11:00:00,Friday,cloudy,26.5,0.17,low,1,G/Y,none evident,4,3,0.0,0
2026-08-05,apapa-oshodi expressway,mile2-oshodi,2026-08-19 19:32:00,2026-08-19 19:00:00,Wednesday,cloudy,27.9,0.16,high,3,Y/R,mixed,2,5,2.0,3
2026-09-04,lagos-badagry expressway,mile2-festac,2026-08-19 21:22:00,2026-08-19 21:00:00,Monday,cloudy,25.3,0.23,low,1,G/Y,road segment,0,3,0.0,1
2026-09-02,lagos-abeokuta expressway,abule egba-iyana ipaja,2026-08-19 18:21:00,2026-08-19 18:00:00,Saturday,heavy rain,22.9,0.7,high,3,R,mixed,5,2,2.0,3
2026-09-02,ikorodu road,unknown,2026-08-19 13:20:00,2026-08-19 13:00:00,Sunday,mostly cloudy,26.0,0.12,medium,2,Y/R,junction,6,5,1.0,2
2026-08-07,lagos-badagry expressway,mile2-festac,2026-08-19 20:31:00,2026-08-19 20:00:00,Sunday,partly sunny,25.4,0.13,medium,2,G/Y/R,mixed,6,6,1.0,3
2026-08-26,third mainland bridge,oworonshole-adekunle,2026-08-19 19:49:00,2026-08-19 19:00:00,Tuesday,mostly cloudy,24.2,0.19,high,3,G/Y/R,junction,1,6,2.0,2
2026-08-07,lagos-abeokuta expressway,abule egba-iyana ipaja,2026-08-19 13:14:00,2026-08-19 13:00:00,Tuesday,heavy rain,24.3,0.62,medium,2,Y,road segment,1,1,1.0,1
2026-08-13,lekki-epe expressway,lekkiphase1-ajah,2026-08-19 06:42:00,2026-08-19 06:00:00,Friday,heavy rain,24.2,0.68,low,1,G/R,none evident,4,4,0.0,0
2026-08-28,lagos-ibadan expressway,ojota-berger,2026-08-19 12:19:00,2026-08-19 12:00:00,Monday,cloudy,27.0,0.13,low,1,G/R,road segment,0,4,0.0,1
2026-08-18,lagos-ibadan expressway,ojota-berger,2026-08-19 18:49:00,2026-08-19 18:00:00,Saturday,light rain,26.0,0.23,high,3,G/Y/R,junction,5,6,2.0,2
2026-08-18,lekki-epe expressway,lekkiphase1-ajah,2026-08-19 08:27:00,2026-08-19 08:00:00,Monday,heavy rain,23.8,0.59,medium,2,G/Y/R,road segment,0,6,1.0,1
2026-08-31,funsho williams avenue,unknown,2026-08-19 13:34:00,2026-08-19 13:00:00,Friday,heavy rain,23.8,0.74,low,1,G/Y,none evident,4,3,0.0,0
2026-08-23,lagos-ibadan expressway,ojota-berger,2026-08-19 14:43:00,2026-08-19 14:00:00,Saturday,partly sunny,28.6,0.14,low,1,G,road segment,5,0,0.0,1
2026-08-04,apapa-oshodi expressway,mile2-oshodi,2026-08-19 06:36:00,2026-08-19 06:00:00,Tuesday,heavy rain,24.5,0.57,low,1,G,none evident,1,0,0.0,0
2026-08-25,lagos-badagry expressway,mile2-festac,2026-08-19 10:07:00,2026-08-19 10:00:00,Sunday,light rain,25.3,0.22,low,1,G/Y,none evident,6,3,0.0,0
2026-08-14,lekki-epe expressway,lekkiphase1-ajah,2026-08-19 09:26:00,2026-08-19 09:00:00,Monday,light rain,25.2,0.36,high,3,Y/R,mixed,0,5,2.0,3
2026-09-15,third mainland bridge,oworonshole-adekunle,2026-08-19 17:47:00,2026-08-19 17:00:00,Monday,mostly cloudy,24.6,0.17,high,3,G/Y/R,mixed,0,6,2.0,3
2026-08-10,third mainland bridge,oworonshole-adekunle,2026-08-19 16:03:00,2026-08-19 16:00:00,Saturday,mostly cloudy,26.5,0.15,high,3,Y/R,junction,5,5,2.0,2
2026-08-14,third mainland bridge,oworonshole-adekunle,2026-08-19 09:10:00,2026-08-19 09:00:00,Sunday,heavy rain,23.3,0.57,medium,2,Y/R,road segment,6,5,1.0,1
2026-08-08,ikorodu road,unknown,2026-08-19 13:32:00,2026-08-19 13:00:00,Thursday,partly sunny,28.7,0.06,medium,2,Y/R,road segment,3,5,1.0,1
2026-08-03,lagos-badagry expressway,mile2-festac,2026-08-19 18:19:00,2026-08-19 18:00:00,Sunday,heavy rain,23.6,0.7,high,3,R,road segment,6,2,2.0,1
2026-08-07,lagos-ibadan expressway,ojota-berger,2026-08-19 16:26:00,2026-08-19 16:00:00,Friday,cloudy,26.5,0.13,high,3,R,junction,4,2,2.0,2
2026-08-27,ikorodu road,unknown,2026-08-19 14:43:00,2026-08-19 14:00:00,Friday,light rain,24.9,0.37,medium,2,Y/R,junction,4,5,1.0,2
2026-08-27,ikorodu road,unknown,2026-08-19 16:14:00,2026-08-19 16:00:00,Saturday,light rain,25.0,0.27,high,3,G/Y/R,mixed,5,6,2.0,3
2026-08-23,lagos-badagry expressway,mile2-festac,2026-08-19 06:20:00,2026-08-19 06:00:00,Sunday,partly sunny,27.8,0.1,low,1,G/R,road segment,6,4,0.0,1
2026-09-10,lagos-ibadan expressway,ojota-berger,2026-08-19 14:03:00,2026-08-19 14:00:00,Thursday,mostly cloudy,25.6,0.17,medium,2,G/Y,junction,3,3,1.0,2
2026-08-16,lekki-epe expressway,lekkiphase1-ajah,2026-08-19 12:52:00,2026-08-19 12:00:00,Sunday,heavy rain,23.9,0.76,low,1,G,road segment,6,0,0.0,1
2026-08-06,third mainland bridge,oworonshole-adekunle,2026-08-19 12:55:00,2026-08-19 12:00:00,Wednesday,heavy rain,22.9,0.78,medium,2,G/Y/R,junction,2,6,1.0,2
2026-08-06,ikorodu road,unknown,2026-08-19 17:08:00,2026-08-19 17:00:00,Wednesday,cloudy,27.4,0.12,high,3,Y/R,junction,2,5,2.0,2
2026-08-06,lekki-epe expressway,lekkiphase1-ajah,2026-08-19 15:33:00,2026-08-19 15:00:00,Friday,light rain,25.3,0.22,medium,2,G/Y/R,junction,4,6,1.0,2
2026-08-10,apapa-oshodi expressway,mile2-oshodi,2026-08-19 20:55:00,2026-08-19 20:00:00,Sunday,mostly cloudy,24.4,0.14,medium,2,G/Y/R,road segment,6,6,1.0,1
2026-08-22,apapa-oshodi expressway,mile2-oshodi,2026-08-19 17:58:00,2026-08-19 17:00:00,Friday,heavy rain,24.1,0.57,high,3,R,junction,4,2,2.0,2
2026-08-31,apapa-oshodi expressway,mile2-oshodi,2026-08-19 08:31:00,2026-08-19 08:00:00,Sunday,partly sunny,27.2,0.06,medium,2,Y,mixed,6,1,1.0,3
2026-08-25,third mainland bridge,oworonshole-adekunle,2026-08-19 19:42:00,2026-08-19 19:00:00,Friday,cloudy,25.0,0.18,high,3,Y/R,mixed,4,5,2.0,3
2026-09-11,lekki-epe expressway,lekkiphase1-ajah,2026-08-19 16:10:00,2026-08-19 16:00:00,Sunday,heavy rain,22.3,0.72,high,3,R,road segment,6,2,2.0,1
2026-08-11,ikorodu road,unknown,2026-08-19 12:22:00,2026-08-19 12:00:00,Thursday,heavy rain,23.9,0.85,low,1,G/R,none evident,3,4,0.0,0
2026-08-05,funsho williams avenue,unknown,2026-08-19 16:37:00,2026-08-19 16:00:00,Saturday,light rain,24.2,0.31,high,3,Y/R,mixed,5,5,2.0,3
2026-08-07,lagos-abeokuta expressway,abule egba-iyana ipaja,2026-08-19 06:55:00,2026-08-19 06:00:00,Wednesday,partly sunny,27.9,0.1,low,1,G/Y,none evident,2,3,0.0,0
2026-08-25,ikorodu road,unknown,2026-08-19 08:43:00,2026-08-19 08:00:00,Saturday,cloudy,25.3,0.13,medium,2,Y/R,road segment,5,5,1.0,1
2026-09-13,lagos-badagry expressway,mile2-festac,2026-08-19 20:24:00,2026-08-19 20:00:00,Sunday,light rain,23.5,0.3,medium,2,Y/R,road segment,6,5,1.0,1
2026-08-19,lagos-ibadan expressway,ojota-berger,2026-08-19 09:25:00,2026-08-19 09:00:00,Tuesday,heavy rain,23.8,0.6,high,3,R,mixed,1,2,2.0,3
2026-09-14,lagos-ibadan expressway,ojota-berger,2026-08-19 11:02:00,2026-08-19 11:00:00,Tuesday,mostly cloudy,26.8,0.13,low,1,G/R,road segment,1,4,0.0,1
2026-08-28,ikorodu road,unknown,2026-08-19 11:58:00,2026-08-19 11:00:00,Thursday,partly sunny,26.2,0.15,low,1,G/R,none evident,3,4,0.0,0
2026-08-01,ikorodu road,unknown,2026-08-19 17:01:00,2026-08-19 17:00:00,Thursday,partly sunny,28.5,0.15,high,3,R,mixed,3,2,2.0,3
2026-08-10,ikorodu road,unknown,2026-08-19 08:43:00,2026-08-19 08:00:00,Thursday,heavy rain,23.7,0.6,medium,2,Y/R,junction,3,5,1.0,2
2026-08-27,lekki-epe expressway,lekkiphase1-ajah,2026-08-19 17:41:00,2026-08-19 17:00:00,Saturday,partly sunny,28.0,0.07,high,3,Y/R,road segment,5,5,2.0,1
2026-08-25,lekki-epe expressway,lekkiphase1-ajah,2026-08-19 08:56:00,2026-08-19 08:00:00,Thursday,cloudy,27.7,0.17,medium,2,Y/R,junction,3,5,1.0,2
2026-08-09,lekki-epe expressway,lekkiphase1-ajah,2026-08-19 15:15:00,2026-08-19 15:00:00,Wednesday,cloudy,28.0,0.21,medium,2,G/Y,mixed,2,3,1.0,3
2026-08-06,funsho williams avenue,unknown,2026-08-19 16:50:00,2026-08-19 16:00:00,Thursday,mostly cloudy,26.5,0.12,medium,2,Y/R,road segment,3,5,1.0,1
2026-09-04,apapa-oshodi expressway,mile2-oshodi,2026-08-19 17:40:00,2026-08-19 17:00:00,Tuesday,partly sunny,28.7,0.14,high,3,Y/R,junction,1,5,2.0,2
2026-08-20,apapa-oshodi expressway,mile2-oshodi,2026-08-19 12:14:00,2026-08-19 12:00:00,Tuesday,partly sunny,27.7,0.06,medium,2,G/Y/R,road segment,1,6,1.0,1
2026-09-12,lagos-abeokuta expressway,abule egba-iyana ipaja,2026-08-19 20:27:00,2026-08-19 20:00:00,Wednesday,heavy rain,24.4,0.53,medium,2,Y/R,junction,2,5,1.0,2
2026-09-11,lekki-epe expressway,lekkiphase1-ajah,2026-08-19 13:27:00,2026-08-19 13:00:00,Saturday,light rain,25.5,0.27,medium,2,G/Y/R,road segment,5,6,1.0,1
2026-08-14,lagos-abeokuta expressway,abule egba-iyana ipaja,2026-08-19 15:20:00,2026-08-19 15:00:00,Sunday,heavy rain,22.9,0.66,medium,2,Y/R,road segment,6,5,1.0,1
2026-08-04,apapa-oshodi expressway,mile2-oshodi,2026-08-19 20:00:00,2026-08-19 20:00:00,Friday,mostly cloudy,25.2,0.11,medium,2,G/Y/R,road segment,4,6,1.0,1
2026-09-14,lagos-ibadan expressway,ojota-berger,2026-08-19 14:07:00,2026-08-19 14:00:00,Monday,mostly cloudy,24.0,0.18,medium,2,Y/R,junction,0,5,1.0,2
2026-08-09,lagos-ibadan expressway,ojota-berger,2026-08-19 17:19:00,2026-08-19 17:00:00,Thursday,cloudy,27.3,0.17,high,3,G/Y/R,junction,3,6,2.0,2
2026-08-15,ikorodu road,unknown,2026-08-19 22:34:00,2026-08-19 22:00:00,Wednesday,cloudy,27.2,0.19,low,1,G/Y,road segment,2,3,0.0,1
2026-08-11,funsho williams avenue,unknown,2026-08-19 12:06:00,2026-08-19 12:00:00,Sunday,cloudy,25.8,0.14,low,1,G/R,none evident,6,4,0.0,0
2026-09-04,lagos-badagry expressway,mile2-festac,2026-08-19 12:08:00,2026-08-19 12:00:00,Thursday,cloudy,25.8,0.2,medium,2,Y,mixed,3,1,1.0,3
2026-09-07,lagos-ibadan expressway,ojota-berger,2026-08-19 06:45:00,2026-08-19 06:00:00,Saturday,light rain,25.8,0.36,low,1,G/R,road segment,5,4,0.0,1
2026-09-12,lagos-abeokuta expressway,abule egba-iyana ipaja,2026-08-19 11:04:00,2026-08-19 11:00:00,Saturday,heavy rain,23.8,0.65,low,1,G/Y,none evident,5,3,0.0,0
2026-08-22,apapa-oshodi expressway,mile2-oshodi,2026-08-19 06:27:00,2026-08-19 06:00:00,Monday,mostly cloudy,24.9,0.1,low,1,G/R,none evident,0,4,0.0,0
2026-08-28,third mainland bridge,oworonshole-adekunle,2026-08-19 08:26:00,2026-08-19 08:00:00,Monday,mostly cloudy,26.0,0.1,high,3,Y/R,junction,0,5,2.0,2
2026-09-04,apapa-oshodi expressway,mile2-oshodi,2026-08-19 17:17:00,2026-08-19 17:00:00,Saturday,heavy rain,22.4,0.7,high,3,R,road segment,5,2,2.0,1
2026-09-14,apapa-oshodi expressway,mile2-oshodi,2026-08-19 12:20:00,2026-08-19 12:00:00,Friday,partly sunny,25.5,0.09,low,1,G,none evident,4,0,0.0,0
2026-08-24,funsho williams avenue,unknown,2026-08-19 06:57:00,2026-08-19 06:00:00,Friday,heavy rain,23.7,0.83,low,1,G,none evident,4,0,0.0,0
2026-08-12,third mainland bridge,oworonshole-adekunle,2026-08-19 15:48:00,2026-08-19 15:00:00,Thursday,cloudy,26.1,0.13,medium,2,Y,junction,3,1,1.0,2
2026-08-10,lekki-epe expressway,lekkiphase1-ajah,2026-08-19 18:16:00,2026-08-19 18:00:00,Sunday,cloudy,26.6,0.21,high,3,R,junction,6,2,2.0,2
2026-08-15,apapa-oshodi expressway,mile2-oshodi,2026-08-19 09:27:00,2026-08-19 09:00:00,Monday,light rain,24.4,0.26,medium,2,Y/R,road segment,0,5,1.0,1
2026-08-06,funsho williams avenue,unknown,2026-08-19 21:49:00,2026-08-19 21:00:00,Monday,partly sunny,28.0,0.13,low,1,G/R,none evident,0,4,0.0,0
2026-08-19,lagos-badagry expressway,mile2-festac,2026-08-19 14:12:00,2026-08-19 14:00:00,Monday,heavy rain,23.1,0.79,medium,2,Y/R,road segment,0,5,1.0,1
2026-08-24,third mainland bridge,oworonshole-adekunle,2026-08-19 10:09:00,2026-08-19 10:00:00,Sunday,cloudy,26.8,0.23,low,1,G/R,road segment,6,4,0.0,1
2026-09-08,ikorodu road,unknown,2026-08-19 10:48:00,2026-08-19 10:00:00,Thursday,light rain,23.9,0.31,low,1,G/Y,none evident,3,3,0.0,0
2026-08-16,apapa-oshodi expressway,mile2-oshodi,2026-08-19 09:06:00,2026-08-19 09:00:00,Wednesday,partly sunny,27.8,0.07,high,3,Y/R,mixed,2,5,2.0,3
2026-09-04,third mainland bridge,oworonshole-adekunle,2026-08-19 20:10:00,2026-08-19 20:00:00,Monday,cloudy,27.0,0.11,medium,2,Y/R,road segment,0,5,1.0,1
2026-08-30,lagos-ibadan expressway,ojota-berger,2026-08-19 09:33:00,2026-08-19 09:00:00,Tuesday,mostly cloudy,25.9,0.13,high,3,Y/R,mixed,1,5,2.0,3
2026-08-21,lekki-epe expressway,lekkiphase1-ajah,2026-08-19 11:55:00,2026-08-19 11:00:00,Friday,partly sunny,25.8,0.08,low,1,G,road segment,4,0,0.0,1
2026-09-01,lagos-abeokuta expressway,abule egba-iyana ipaja,2026-08-19 20:15:00,2026-08-19 20:00:00,Sunday,heavy rain,22.6,0.67,low,1,G/Y,road segment,6,3,0.0,1
2026-09-12,lagos-ibadan expressway,ojota-berger,2026-08-19 16:13:00,2026-08-19 16:00:00,Sunday,mostly cloudy,24.3,0.18,medium,2,Y/R,road segment,6,5,1.0,1
2026-08-11,third mainland bridge,oworonshole-adekunle,2026-08-19 11:36:00,2026-08-19 11:00:00,Tuesday,mostly cloudy,24.1,0.17,low,1,G/Y,road segment,1,3,0.0,1
2026-08-03,apapa-oshodi expressway,mile2-oshodi,2026-08-19 20:55:00,2026-08-19 20:00:00,Friday,partly sunny,27.3,0.07,low,1,G/R,road segment,4,4,0.0,1
2026-09-07,lekki-epe expressway,lekkiphase1-ajah,2026-08-19 15:11:00,2026-08-19 15:00:00,Friday,cloudy,25.1,0.2,medium,2,G/Y,road segment,4,3,1.0,1
2026-09-12,lekki-epe expressway,lekkiphase1-ajah,2026-08-19 08:55:00,2026-08-19 08:00:00,Tuesday,mostly cloudy,24.5,0.12,high,3,R,road segment,1,2,2.0,1
2026-08-26,apapa-oshodi expressway,mile2-oshodi,2026-08-19 16:53:00,2026-08-19 16:00:00,Monday,heavy rain,22.5,0.78,medium,2,Y,road segment,0,1,1.0,1
2026-09-13,third mainland bridge,oworonshole-adekunle,2026-08-19 19:06:00,2026-08-19 19:00:00,Tuesday,light rain,25.7,0.33,high,3,Y/R,junction,1,5,2.0,2
2026-08-28,lagos-abeokuta expressway,abule egba-iyana ipaja,2026-08-19 17:55:00,2026-08-19 17:00:00,Tuesday,heavy rain,23.3,0.51,high,3,G/Y/R,junction,1,6,2.0,2
2026-08-01,ikorodu road,unknown,2026-08-19 21:07:00,2026-08-19 21:00:00,Tuesday,cloudy,26.0,0.16,low,1,G/R,none evident,1,4,0.0,0
2026-09-06,funsho williams avenue,unknown,2026-08-19 17:41:00,2026-08-19 17:00:00,Sunday,mostly cloudy,25.9,0.12,high,3,Y/R,junction,6,5,2.0,2
2026-08-13,funsho williams avenue,unknown,2026-08-19 13:55:00,2026-08-19 13:00:00,Sunday,light rain,25.0,0.37,low,1,G,road segment,6,0,0.0,1
2026-08-14,third mainland bridge,oworonshole-adekunle,2026-08-19 08:09:00,2026-08-19 08:00:00,Monday,light rain,25.9,0.28,medium,2,Y,mixed,0,1,1.0,3
2026-08-19,lagos-abeokuta expressway,abule egba-iyana ipaja,2026-08-19 11:49:00,2026-08-19 11:00:00,Monday,cloudy,27.4,0.23,low,1,G/R,none evident,0,4,0.0,0
2026-08-24,lagos-badagry expressway,mile2-festac,2026-08-19 22:10:00,2026-08-19 22:00:00,Sunday,cloudy,26.4,0.11,low,1,G/R,road segment,6,4,0.0,1
2026-08-12,lagos-abeokuta expressway,abule egba-iyana ipaja,2026-08-19 16:02:00,2026-08-19 16:00:00,Friday,mostly cloudy,24.9,0.12,high,3,G/Y/R,junction,4,6,2.0,2
2026-08-14,third mainland bridge,oworonshole-adekunle,2026-08-19 12:13:00,2026-08-19 12:00:00,Tuesday,partly sunny,26.8,0.09,low,1,G/Y,none evident,1,3,0.0,0
2026-08-08,lagos-ibadan expressway,ojota-berger,2026-08-19 19:00:00,2026-08-19 19:00:00,Saturday,cloudy,25.3,0.24,medium,2,Y,road segment,5,1,1.0,1
2026-08-24,lekki-epe expressway,lekkiphase1-ajah,2026-08-19 09:27:00,2026-08-19 09:00:00,Friday,mostly cloudy,26.2,0.13,high,3,R,junction,4,2,2.0,2
2026-08-15,ikorodu road,unknown,2026-08-19 09:03:00,2026-08-19 09:00:00,Monday,cloudy,27.0,0.19,medium,2,G/Y/R,mixed,0,6,1.0,3
2026-08-02,lagos-abeokuta expressway,abule egba-iyana ipaja,2026-08-19 20:11:00,2026-08-19 20:00:00,Sunday,partly sunny,25.1,0.15,low,1,G/Y,none evident,6,3,0.0,0
2026-09-01,lagos-abeokuta expressway,abule egba-iyana ipaja,2026-08-19 14:24:00,2026-08-19 14:00:00,Wednesday,partly sunny,25.0,0.11,low,1,G/R,none evident,2,4,0.0,0
2026-09-04,lagos-ibadan expressway,ojota-berger,2026-08-19 19:45:00,2026-08-19 19:00:00,Friday,light rain,23.8,0.25,high,3,G/Y/R,mixed,4,6,2.0,3
2026-08-22,lagos-ibadan expressway,ojota-berger,2026-08-19 14:27:00,2026-08-19 14:00:00,Wednesday,cloudy,25.8,0.2,low,1,G/Y,none evident,2,3,0.0,0
2026-08-22,lekki-epe expressway,lekkiphase1-ajah,2026-08-19 17:32:00,2026-08-19 17:00:00,Saturday,heavy rain,24.0,0.53,high,3,Y/R,junction,5,5,2.0,2
2026-09-02,apapa-oshodi expressway,mile2-oshodi,2026-08-19 18:58:00,2026-08-19 18:00:00,Saturday,heavy rain,22.1,0.75,high,3,R,road segment,5,2,2.0,1
2026-09-11,ikorodu road,unknown,2026-08-19 17:34:00,2026-08-19 17:00:00,Monday,mostly cloudy,25.2,0.2,high,3,Y/R,junction,0,5,2.0,2
2026-08-16,funsho williams avenue,unknown,2026-08-19 13:45:00,2026-08-19 13:00:00,Saturday,cloudy,25.6,0.23,medium,2,Y/R,mixed,5,5,1.0,3
2026-08-17,lagos-ibadan expressway,ojota-berger,2026-08-19 13:54:00,2026-08-19 13:00:00,Tuesday,partly sunny,27.1,0.08,medium,2,G/Y,mixed,1,3,1.0,3
2026-08-02,lagos-badagry expressway,mile2-festac,2026-08-19 08:59:00,2026-08-19 08:00:00,Sunday,light rain,24.9,0.33,medium,2,Y/R,junction,6,5,1.0,2
2026-08-03,third mainland bridge,oworonshole-adekunle,2026-08-19 14:12:00,2026-08-19 14:00:00,Wednesday,light rain,23.9,0.23,low,1,G/R,none evident,2,4,0.0,0
2026-09-10,lagos-badagry expressway,mile2-festac,2026-08-19 14:52:00,2026-08-19 14:00:00,Friday,heavy rain,23.1,0.83,low,1,G/R,road segment,4,4,0.0,1
2026-09-13,apapa-oshodi expressway,mile2-oshodi,2026-08-19 13:41:00,2026-08-19 13:00:00,Friday,partly sunny,28.0,0.06,low,1,G/Y,none evident,4,3,0.0,0
2026-08-01,lekki-epe expressway,lekkiphase1-ajah,2026-08-19 08:45:00,2026-08-19 08:00:00,Friday,heavy rain,22.5,0.63,high,3,R,junction,4,2,2.0,2
2026-09-15,lagos-badagry expressway,mile2-festac,2026-08-19 14:07:00,2026-08-19 14:00:00,Friday,heavy rain,22.1,0.55,medium,2,G/Y/R,mixed,4,6,1.0,3
2026-08-07,ikorodu road,unknown,2026-08-19 10:30:00,2026-08-19 10:00:00,Monday,mostly cloudy,25.9,0.17,low,1,G/Y,road segment,0,3,0.0,1
2026-09-07,third mainland bridge,oworonshole-adekunle,2026-08-19 16:36:00,2026-08-19 16:00:00,Wednesday,mostly cloudy,26.6,0.19,high,3,G/Y/R,road segment,2,6,2.0,1
2026-08-26,lagos-ibadan expressway,ojota-berger,2026-08-19 08:09:00,2026-08-19 08:00:00,Saturday,heavy rain,24.1,0.66,medium,2,Y,junction,5,1,1.0,2
2026-09-15,lagos-badagry expressway,mile2-festac,2026-08-19 21:14:00,2026-08-19 21:00:00,Friday,mostly cloudy,26.9,0.19,low,1,G/R,road segment,4,4,0.0,1
2026-08-21,lekki-epe expressway,lekkiphase1-ajah,2026-08-19 08:56:00,2026-08-19 08:00:00,Saturday,light rain,24.5,0.21,medium,2,Y,road segment,5,1,1.0,1
2026-08-15,third mainland bridge,oworonshole-adekunle,2026-08-19 22:29:00,2026-08-19 22:00:00,Sunday,light rain,23.6,0.24,low,1,G,none evident,6,0,0.0,0
2026-09-04,lekki-epe expressway,lekkiphase1-ajah,2026-08-19 19:45:00,2026-08-19 19:00:00,Thursday,mostly cloudy,26.4,0.16,high,3,R,mixed,3,2,2.0,3
2026-08-01,lagos-ibadan expressway,ojota-berger,2026-08-19 21:16:00,2026-08-19 21:00:00,Tuesday,cloudy,27.5,0.11,low,1,G/R,road segment,1,4,0.0,1
2026-08-06,lagos-abeokuta expressway,abule egba-iyana ipaja,2026-08-19 20:36:00,2026-08-19 20:00:00,Thursday,mostly cloudy,27.0,0.13,low,1,G/Y,none evident,3,3,0.0,0
2026-08-17,ikorodu road,unknown,2026-08-19 08:51:00,2026-08-19 08:00:00,Sunday,cloudy,25.4,0.18,medium,2,G/Y,junction,6,3,1.0,2
2026-09-02,apapa-oshodi expressway,mile2-oshodi,2026-08-19 07:17:00,2026-08-19 07:00:00,Wednesday,mostly cloudy,25.5,0.17,high,3,R,mixed,2,2,2.0,3
2026-09-08,apapa-oshodi expressway,mile2-oshodi,2026-08-19 20:43:00,2026-08-19 20:00:00,Wednesday,cloudy,26.5,0.13,medium,2,Y/R,road segment,2,5,1.0,1
2026-08-05,funsho williams avenue,unknown,2026-08-19 14:43:00,2026-08-19 14:00:00,Wednesday,cloudy,27.4,0.11,low,1,G/R,road segment,2,4,0.0,1
2026-09-06,lagos-abeokuta expressway,abule egba-iyana ipaja,2026-08-19 08:00:00,2026-08-19 08:00:00,Tuesday,heavy rain,23.6,0.72,medium,2,Y,mixed,1,1,1.0,3
2026-08-20,third mainland bridge,oworonshole-adekunle,2026-08-19 17:26:00,2026-08-19 17:00:00,Saturday,light rain,24.0,0.2,high,3,Y/R,junction,5,5,2.0,2
2026-08-01,lagos-badagry expressway,mile2-festac,2026-08-19 06:25:00,2026-08-19 06:00:00,Tuesday,heavy rain,23.6,0.78,low,1,G/Y,none evident,1,3,0.0,0
2026-08-22,lagos-ibadan expressway,ojota-berger,2026-08-19 14:09:00,2026-08-19 14:00:00,Tuesday,partly sunny,27.9,0.08,low,1,G,none evident,1,0,0.0,0
2026-09-15,lagos-abeokuta expressway,abule egba-iyana ipaja,2026-08-19 14:18:00,2026-08-19 14:00:00,Saturday,mostly cloudy,24.9,0.11,low,1,G/Y,none evident,5,3,0.0,0
2026-09-10,lagos-badagry expressway,mile2-festac,2026-08-19 19:04:00,2026-08-19 19:00:00,Sunday,light rain,24.8,0.35,medium,2,G/Y/R,mixed,6,6,1.0,3
2026-08-29,lekki-epe expressway,lekkiphase1-ajah,2026-08-19 16:42:00,2026-08-19 16:00:00,Wednesday,partly sunny,27.6,0.11,medium,2,Y/R,mixed,2,5,1.0,3
2026-08-07,lekki-epe expressway,lekkiphase1-ajah,2026-08-19 11:10:00,2026-08-19 11:00:00,Tuesday,light rain,23.6,0.38,low,1,G/Y,none evident,1,3,0.0,0
2026-09-02,third mainland bridge,oworonshole-adekunle,2026-08-19 08:34:00,2026-08-19 08:00:00,Saturday,partly sunny,26.7,0.15,medium,2,Y,road segment,5,1,1.0,1
2026-08-05,ikorodu road,unknown,2026-08-19 06:30:00,2026-08-19 06:00:00,Friday,partly sunny,25.7,0.07,low,1,G,road segment,4,0,0.0,1
2026-09-03,ikorodu road,unknown,2026-08-19 13:46:00,2026-08-19 13:00:00,Tuesday,heavy rain,22.5,0.66,medium,2,Y/R,road segment,1,5,1.0,1
2026-08-04,lagos-abeokuta expressway,abule egba-iyana ipaja,2026-08-19 18:19:00,2026-08-19 18:00:00,Saturday,heavy rain,23.5,0.53,high,3,Y/R,junction,5,5,2.0,2
2026-08-22,lagos-abeokuta expressway,abule egba-iyana ipaja,2026-08-19 21:58:00,2026-08-19 21:00:00,Friday,partly sunny,27.7,0.14,low,1,G/R,road segment,4,4,0.0,1
2026-08-01,lekki-epe expressway,lekkiphase1-ajah,2026-08-19 14:16:00,2026-08-19 14:00:00,Monday,partly sunny,26.8,0.1,medium,2,Y/R,road segment,0,5,1.0,1
2026-08-10,lekki-epe expressway,lekkiphase1-ajah,2026-08-19 13:35:00,2026-08-19 13:00:00,Sunday,partly sunny,28.4,0.05,medium,2,G/Y/R,road segment,6,6,1.0,1
2026-08-22,third mainland bridge,oworonshole-adekunle,2026-08-19 08:19:00,2026-08-19 08:00:00,Tuesday,heavy rain,22.6,0.6,high,3,R,mixed,1,2,2.0,3
2026-08-08,lagos-badagry expressway,mile2-festac,2026-08-19 16:17:00,2026-08-19 16:00:00,Thursday,mostly cloudy,24.3,0.19,medium,2,Y/R,mixed,3,5,1.0,3
2026-09-09,lagos-abeokuta expressway,abule egba-iyana ipaja,2026-08-19 06:31:00,2026-08-19 06:00:00,Friday,mostly cloudy,25.0,0.2,low,1,G/R,road segment,4,4,0.0,1
2026-08-21,funsho williams avenue,unknown,2026-08-19 15:40:00,2026-08-19 15:00:00,Friday,cloudy,25.6,0.12,medium,2,Y,road segment,4,1,1.0,1
2026-09-04,third mainland bridge,oworonshole-adekunle,2026-08-19 16:51:00,2026-08-19 16:00:00,Wednesday,light rain,23.5,0.38,medium,2,Y,mixed,2,1,1.0,3
2026-08-22,lekki-epe expressway,lekkiphase1-ajah,2026-08-19 11:56:00,2026-08-19 11:00:00,Sunday,cloudy,27.3,0.21,low,1,G/R,road segment,6,4,0.0,1
2026-09-13,third mainland bridge,oworonshole-adekunle,2026-08-19 10:29:00,2026-08-19 10:00:00,Thursday,light rain,23.4,0.27,low,1,G,none evident,3,0,0.0,0
2026-08-05,ikorodu road,unknown,2026-08-19 07:21:00,2026-08-19 07:00:00,Monday,partly sunny,27.0,0.08,high,3,Y/R,mixed,0,5,2.0,3
2026-08-17,apapa-oshodi expressway,mile2-oshodi,2026-08-19 20:39:00,2026-08-19 20:00:00,Wednesday,partly sunny,28.3,0.05,low,1,G,none evident,2,0,0.0,0
2026-08-30,lagos-ibadan expressway,ojota-berger,2026-08-19 21:31:00,2026-08-19 21:00:00,Sunday,mostly cloudy,24.6,0.17,low,1,G,road segment,6,0,0.0,1
2026-08-22,lagos-ibadan expressway,ojota-berger,2026-08-19 18:49:00,2026-08-19 18:00:00,Sunday,partly sunny,28.7,0.05,high,3,R,junction,6,2,2.0,2
2026-08-07,ikorodu road,unknown,2026-08-19 12:58:00,2026-08-19 12:00:00,Monday,mostly cloudy,26.2,0.13,medium,2,G/Y/R,mixed,0,6,1.0,3
2026-08-22,apapa-oshodi expressway,mile2-oshodi,2026-08-19 08:21:00,2026-08-19 08:00:00,Wednesday,light rain,23.3,0.24,medium,2,Y,road segment,2,1,1.0,1
2026-08-21,apapa-oshodi expressway,mile2-oshodi,2026-08-19 14:45:00,2026-08-19 14:00:00,Friday,partly sunny,27.9,0.06,medium,2,Y,mixed,4,1,1.0,3
2026-09-07,lekki-epe expressway,lekkiphase1-ajah,2026-08-19 09:50:00,2026-08-19 09:00:00,Thursday,light rain,23.5,0.35,high,3,G/Y/R,junction,3,6,2.0,2
2026-08-20,lagos-abeokuta expressway,abule egba-iyana ipaja,2026-08-19 20:00:00,2026-08-19 20:00:00,Friday,cloudy,27.3,0.22,low,1,G,none evident,4,0,0.0,0
2026-08-03,ikorodu road,unknown,2026-08-19 19:58:00,2026-08-19 19:00:00,Tuesday,light rain,25.7,0.21,medium,2,G/Y,junction,1,3,1.0,2
2026-09-10,lagos-ibadan expressway,ojota-berger,2026-08-19 19:47:00,2026-08-19 19:00:00,Thursday,cloudy,25.5,0.21,high,3,G/Y/R,mixed,3,6,2.0,3
2026-09-13,apapa-oshodi expressway,mile2-oshodi,2026-08-19 06:15:00,2026-08-19 06:00:00,Wednesday,partly sunny,28.0,0.06,low,1,G/Y,road segment,2,3,0.0,1
2026-08-24,lagos-badagry expressway,mile2-festac,2026-08-19 09:55:00,2026-08-19 09:00:00,Tuesday,light rain,24.8,0.4,medium,2,G/Y/R,road segment,1,6,1.0,1
2026-08-04,lagos-badagry expressway,mile2-festac,2026-08-19 15:05:00,2026-08-19 15:00:00,Sunday,cloudy,27.0,0.21,medium,2,Y/R,junction,6,5,1.0,2
2026-09-08,funsho williams avenue,unknown,2026-08-19 16:42:00,2026-08-19 16:00:00,Thursday,mostly cloudy,24.9,0.14,medium,2,G/Y,road segment,3,3,1.0,1
2026-09-07,lagos-badagry expressway,mile2-festac,2026-08-19 15:35:00,2026-08-19 15:00:00,Wednesday,mostly cloudy,25.2,0.17,medium,2,G/Y,junction,2,3,1.0,2
2026-09-11,lagos-ibadan expressway,ojota-berger,2026-08-19 10:53:00,2026-08-19 10:00:00,Sunday,mostly cloudy,24.0,0.15,low,1,G,road segment,6,0,0.0,1
2026-08-17,third mainland bridge,oworonshole-adekunle,2026-08-19 16:43:00,2026-08-19 16:00:00,Friday,mostly cloudy,26.9,0.12,medium,2,G/Y,road segment,4,3,1.0,1
2026-08-09,lekki-epe expressway,lekkiphase1-ajah,2026-08-19 16:06:00,2026-08-19 16:00:00,Tuesday,heavy rain,22.6,0.81,high,3,R,road segment,1,2,2.0,1
2026-09-11,lagos-abeokuta expressway,abule egba-iyana ipaja,2026-08-19 08:54:00,2026-08-19 08:00:00,Thursday,cloudy,26.9,0.14,high,3,G/Y/R,mixed,3,6,2.0,3
2026-08-03,funsho williams avenue,unknown,2026-08-19 08:25:00,2026-08-19 08:00:00,Friday,light rain,24.8,0.31,medium,2,G/Y,mixed,4,3,1.0,3
2026-08-22,apapa-oshodi expressway,mile2-oshodi,2026-08-19 11:24:00,2026-08-19 11:00:00,Saturday,mostly cloudy,25.3,0.18,low,1,G,road segment,5,0,0.0,1
2026-08-14,lekki-epe expressway,lekkiphase1-ajah,2026-08-19 09:13:00,2026-08-19 09:00:00,Saturday,mostly cloudy,26.3,0.12,medium,2,Y/R,junction,5,5,1.0,2
2026-08-13,ikorodu road,unknown,2026-08-19 17:51:00,2026-08-19 17:00:00,Sunday,partly sunny,25.8,0.09,high,3,G/Y/R,junction,6,6,2.0,2
2026-09-10,ikorodu road,unknown,2026-08-19 17:03:00,2026-08-19 17:00:00,Sunday,cloudy,27.0,0.18,high,3,Y/R,road segment,6,5,2.0,1
2026-08-21,lagos-ibadan expressway,ojota-berger,2026-08-19 15:51:00,2026-08-19 15:00:00,Saturday,partly sunny,28.9,0.08,medium,2,Y/R,mixed,5,5,1.0,3
2026-08-02,apapa-oshodi expressway,mile2-oshodi,2026-08-19 13:37:00,2026-08-19 13:00:00,Saturday,light rain,25.2,0.38,low,1,G/Y,none evident,5,3,0.0,0
2026-08-25,lagos-abeokuta expressway,abule egba-iyana ipaja,2026-08-19 20:33:00,2026-08-19 20:00:00,Friday,light rain,23.3,0.34,low,1,G,road segment,4,0,0.0,1
2026-08-25,third mainland bridge,oworonshole-adekunle,2026-08-19 18:39:00,2026-08-19 18:00:00,Sunday,mostly cloudy,26.4,0.18,high,3,G/Y/R,mixed,6,6,2.0,3
2026-08-12,lekki-epe expressway,lekkiphase1-ajah,2026-08-19 11:36:00,2026-08-19 11:00:00,Wednesday,partly sunny,27.1,0.08,low,1,G/R,road segment,2,4,0.0,1
2026-09-15,lagos-ibadan expressway,ojota-berger,2026-08-19 14:59:00,2026-08-19 14:00:00,Tuesday,light rain,23.1,0.26,low,1,G/R,road segment,1,4,0.0,1
2026-09-11,lagos-abeokuta expressway,abule egba-iyana ipaja,2026-08-19 07:05:00,2026-08-19 07:00:00,Friday,heavy rain,24.3,0.65,high,3,G/Y/R,junction,4,6,2.0,2
2026-08-12,apapa-oshodi expressway,mile2-oshodi,2026-08-19 13:04:00,2026-08-19 13:00:00,Wednesday,partly sunny,28.2,0.06,medium,2,Y/R,mixed,2,5,1.0,3
2026-08-04,lagos-abeokuta expressway,abule egba-iyana ipaja,2026-08-19 12:26:00,2026-08-19 12:00:00,Sunday,mostly cloudy,25.4,0.18,medium,2,Y,road segment,6,1,1.0,1
2026-08-18,lagos-badagry expressway,mile2-festac,2026-08-19 08:29:00,2026-08-19 08:00:00,Friday,cloudy,25.2,0.2,high,3,G/Y/R,road segment,4,6,2.0,1
2026-08-31,lagos-ibadan expressway,ojota-berger,2026-08-19 15:12:00,2026-08-19 15:00:00,Monday,partly sunny,28.5,0.09,medium,2,Y,junction,0,1,1.0,2
2026-09-02,lagos-ibadan expressway,ojota-berger,2026-08-19 20:01:00,2026-08-19 20:00:00,Sunday,heavy rain,24.0,0.58,medium,2,G/Y,mixed,6,3,1.0,3
2026-08-10,ikorodu road,unknown,2026-08-19 12:10:00,2026-08-19 12:00:00,Monday,mostly cloudy,26.0,0.15,medium,2,G/Y,mixed,0,3,1.0,3
2026-09-12,apapa-oshodi expressway,mile2-oshodi,2026-08-19 20:04:00,2026-08-19 20:00:00,Saturday,cloudy,26.4,0.14,medium,2,G/Y/R,junction,5,6,1.0,2
2026-08-29,lagos-badagry expressway,mile2-festac,2026-08-19 17:41:00,2026-08-19 17:00:00,Sunday,cloudy,26.7,0.15,high,3,Y/R,mixed,6,5,2.0,3
2026-08-18,ikorodu road,unknown,2026-08-19 21:14:00,2026-08-19 21:00:00,Thursday,heavy rain,23.0,0.72,low,1,G/R,none evident,3,4,0.0,0
2026-09-09,third mainland bridge,oworonshole-adekunle,2026-08-19 07:34:00,2026-08-19 07:00:00,Friday,heavy rain,22.7,0.8,high,3,R,junction,4,2,2.0,2
2026-09-02,third mainland bridge,oworonshole-adekunle,2026-08-19 17:15:00,2026-08-19 17:00:00,Saturday,heavy rain,22.3,0.7,high,3,G/Y/R,mixed,5,6,2.0,3
2026-08-26,lagos-abeokuta expressway,abule egba-iyana ipaja,2026-08-19 16:32:00,2026-08-19 16:00:00,Sunday,heavy rain,24.3,0.62,high,3,Y/R,road segment,6,5,2.0,1
2026-08-29,lagos-abeokuta expressway,abule egba-iyana ipaja,2026-08-19 10:15:00,2026-08-19 10:00:00,Sunday,cloudy,25.1,0.23,low,1,G/Y,road segment,6,3,0.0,1
2026-09-07,lagos-abeokuta expressway,abule egba-iyana ipaja,2026-08-19 14:53:00,2026-08-19 14:00:00,Tuesday,light rain,23.2,0.38,medium,2,Y,road segment,1,1,1.0,1
2026-09-15,lagos-badagry expressway,mile2-festac,2026-08-19 15:52:00,2026-08-19 15:00:00,Sunday,mostly cloudy,25.6,0.11,medium,2,Y,road segment,6,1,1.0,1
2026-08-10,lagos-abeokuta expressway,abule egba-iyana ipaja,2026-08-19 12:20:00,2026-08-19 12:00:00,Tuesday,partly sunny,26.3,0.06,medium,2,G/Y,road segment,1,3,1.0,1
2026-08-30,ikorodu road,unknown,2026-08-19 06:27:00,2026-08-19 06:00:00,Saturday,heavy rain,24.1,0.65,low,1,G/R,none evident,5,4,0.0,0
2026-08-20,funsho williams avenue,unknown,2026-08-19 16:46:00,2026-08-19 16:00:00,Sunday,heavy rain,23.9,0.62,high,3,Y/R,junction,6,5,2.0,2
2026-08-03,lekki-epe expressway,lekkiphase1-ajah,2026-08-19 22:30:00,2026-08-19 22:00:00,Wednesday,cloudy,25.3,0.2,low,1,G/Y,road segment,2,3,0.0,1
2026-08-11,apapa-oshodi expressway,mile2-oshodi,2026-08-19 09:48:00,2026-08-19 09:00:00,Friday,mostly cloudy,26.6,0.12,high,3,G/Y/R,road segment,4,6,2.0,1
2026-09-14,third mainland bridge,oworonshole-adekunle,2026-08-19 18:29:00,2026-08-19 18:00:00,Wednesday,light rain,25.6,0.39,high,3,Y/R,junction,2,5,2.0,2
2026-08-05,lagos-abeokuta expressway,abule egba-iyana ipaja,2026-08-19 10:34:00,2026-08-19 10:00:00,Sunday,cloudy,27.6,0.16,low,1,G,road segment,6,0,0.0,1
2026-09-12,apapa-oshodi expressway,mile2-oshodi,2026-08-19 07:17:00,2026-08-19 07:00:00,Thursday,mostly cloudy,25.5,0.11,high,3,R,mixed,3,2,2.0,3
2026-08-04,funsho williams avenue,unknown,2026-08-19 11:10:00,2026-08-19 11:00:00,Sunday,mostly cloudy,25.4,0.17,low,1,G/Y,road segment,6,3,0.0,1
2026-08-14,third mainland bridge,oworonshole-adekunle,2026-08-19 22:28:00,2026-08-19 22:00:00,Sunday,cloudy,27.8,0.22,low,1,G/Y,road segment,6,3,0.0,1
2026-08-07,apapa-oshodi expressway,mile2-oshodi,2026-08-19 14:25:00,2026-08-19 14:00:00,Monday,partly sunny,25.8,0.08,low,1,G/Y,road segment,0,3,0.0,1
2026-09-15,lekki-epe expressway,lekkiphase1-ajah,2026-08-19 13:49:00,2026-08-19 13:00:00,Tuesday,partly sunny,25.4,0.08,medium,2,G/Y/R,junction,1,6,1.0,2
2026-09-08,third mainland bridge,oworonshole-adekunle,2026-08-19 14:04:00,2026-08-19 14:00:00,Saturday,partly sunny,27.3,0.11,low,1,G/R,none evident,5,4,0.0,0
2026-08-16,lagos-abeokuta expressway,abule egba-iyana ipaja,2026-08-19 09:11:00,2026-08-19 09:00:00,Saturday,light rain,23.6,0.23,medium,2,Y,road segment,5,1,1.0,1
2026-08-25,third mainland bridge,oworonshole-adekunle,2026-08-19 18:08:00,2026-08-19 18:00:00,Saturday,mostly cloudy,25.7,0.16,high,3,R,mixed,5,2,2.0,3
2026-08-18,ikorodu road,unknown,2026-08-19 20:48:00,2026-08-19 20:00:00,Saturday,mostly cloudy,25.6,0.11,medium,2,G/Y,mixed,5,3,1.0,3
2026-08-09,lagos-badagry expressway,mile2-festac,2026-08-19 19:01:00,2026-08-19 19:00:00,Monday,partly sunny,27.2,0.13,medium,2,Y/R,mixed,0,5,1.0,3
2026-09-07,funsho williams avenue,unknown,2026-08-19 16:39:00,2026-08-19 16:00:00,Wednesday,mostly cloudy,24.7,0.11,medium,2,G/Y/R,mixed,2,6,1.0,3
2026-09-10,third mainland bridge,oworonshole-adekunle,2026-08-19 16:26:00,2026-08-19 16:00:00,Monday,mostly cloudy,24.7,0.16,high,3,Y/R,mixed,0,5,2.0,3
2026-08-23,lekki-epe expressway,lekkiphase1-ajah,2026-08-19 22:58:00,2026-08-19 22:00:00,Sunday,heavy rain,22.5,0.79,low,1,G,none evident,6,0,0.0,0
2026-08-21,lagos-badagry expressway,mile2-festac,2026-08-19 15:45:00,2026-08-19 15:00:00,Saturday,heavy rain,23.0,0.82,medium,2,Y/R,road segment,5,5,1.0,1
2026-08-06,lagos-ibadan expressway,ojota-berger,2026-08-19 16:36:00,2026-08-19 16:00:00,Friday,heavy rain,23.5,0.85,medium,2,Y/R,junction,4,5,1.0,2
2026-08-02,lagos-ibadan expressway,ojota-berger,2026-08-19 09:55:00,2026-08-19 09:00:00,Thursday,partly sunny,25.4,0.14,high,3,R,mixed,3,2,2.0,3
2026-08-08,third mainland bridge,oworonshole-adekunle,2026-08-19 14:23:00,2026-08-19 14:00:00,Wednesday,mostly cloudy,26.5,0.19,medium,2,Y/R,mixed,2,5,1.0,3
2026-08-23,lagos-abeokuta expressway,abule egba-iyana ipaja,2026-08-19 08:45:00,2026-08-19 08:00:00,Thursday,mostly cloudy,25.4,0.11,high,3,G/Y/R,mixed,3,6,2.0,3
2026-09-04,apapa-oshodi expressway,mile2-oshodi,2026-08-19 14:36:00,2026-08-19 14:00:00,Tuesday,light rain,25.7,0.28,medium,2,Y/R,junction,1,5,1.0,2
2026-08-14,lagos-ibadan expressway,ojota-berger,2026-08-19 11:30:00,2026-08-19 11:00:00,Wednesday,mostly cloudy,25.4,0.16,low,1,G,road segment,2,0,0.0,1
2026-08-02,ikorodu road,unknown,2026-08-19 19:38:00,2026-08-19 19:00:00,Thursday,mostly cloudy,27.0,0.16,medium,2,Y,road segment,3,1,1.0,1
2026-08-16,apapa-oshodi expressway,mile2-oshodi,2026-08-19 14:07:00,2026-08-19 14:00:00,Monday,partly sunny,25.9,0.13,low,1,G/Y,none evident,0,3,0.0,0
2026-08-14,third mainland bridge,oworonshole-adekunle,2026-08-19 12:42:00,2026-08-19 12:00:00,Sunday,cloudy,26.8,0.21,low,1,G/Y,road segment,6,3,0.0,1
2026-08-12,third mainland bridge,oworonshole-adekunle,2026-08-19 19:09:00,2026-08-19 19:00:00,Saturday,mostly cloudy,24.8,0.18,medium,2,G/Y/R,mixed,5,6,1.0,3
2026-08-23,third mainland bridge,oworonshole-adekunle,2026-08-19 18:36:00,2026-08-19 18:00:00,Sunday,light rain,23.2,0.21,high,3,G/Y/R,junction,6,6,2.0,2
2026-08-01,lekki-epe expressway,lekkiphase1-ajah,2026-08-19 22:38:00,2026-08-19 22:00:00,Saturday,mostly cloudy,25.0,0.19,low,1,G/R,road segment,5,4,0.0,1
2026-08-26,lekki-epe expressway,lekkiphase1-ajah,2026-08-19 17:58:00,2026-08-19 17:00:00,Tuesday,cloudy,26.4,0.24,high,3,R,junction,1,2,2.0,2
2026-08-13,lagos-badagry expressway,mile2-festac,2026-08-19 19:31:00,2026-08-19 19:00:00,Saturday,mostly cloudy,24.1,0.2,medium,2,Y,junction,5,1,1.0,2
2026-09-08,apapa-oshodi expressway,mile2-oshodi,2026-08-19 14:02:00,2026-08-19 14:00:00,Tuesday,cloudy,25.6,0.2,medium,2,G/Y,road segment,1,3,1.0,1
2026-09-13,apapa-oshodi expressway,mile2-oshodi,2026-08-19 15:31:00,2026-08-19 15:00:00,Tuesday,mostly cloudy,25.7,0.1,medium,2,G/Y,mixed,1,3,1.0,3
2026-08-23,lekki-epe expressway,lekkiphase1-ajah,2026-08-19 20:53:00,2026-08-19 20:00:00,Wednesday,partly sunny,27.7,0.12,low,1,G,none evident,2,0,0.0,0
2026-09-06,lagos-badagry expressway,mile2-festac,2026-08-19 16:29:00,2026-08-19 16:00:00,Friday,mostly cloudy,24.7,0.15,high,3,R,junction,4,2,2.0,2
2026-09-10,apapa-oshodi expressway,mile2-oshodi,2026-08-19 21:47:00,2026-08-19 21:00:00,Thursday,light rain,25.8,0.32,low,1,G/R,none evident,3,4,0.0,0
2026-09-13,lagos-ibadan expressway,ojota-berger,2026-08-19 16:28:00,2026-08-19 16:00:00,Wednesday,heavy rain,22.5,0.72,medium,2,G/Y/R,junction,2,6,1.0,2
